timestamp,exch_b_1,size_b_1,bid_1,ask_1,size_a_1,exch_a_1,exch_b_2,size_b_2,bid_2,ask_2,size_a_2,exch_a_2,exch_b_3,size_b_3,bid_3,ask_3,size_a_3,exch_a_3,exch_b_4,size_b_4,bid_4,ask_4,size_a_4,exch_a_4,exch_b_5,size_b_5,bid_5,ask_5,size_a_5,exch_a_5,exch_b_6,size_b_6,bid_6,ask_6,size_a_6,exch_a_6,exch_b_7,size_b_7,bid_7,ask_7,size_a_7,exch_a_7,exch_b_8,size_b_8,bid_8,ask_8,size_a_8,exch_a_8
2025-12-08 11:27:58,NOM,31,2.01,2.03,7,PCX,BATS,23,2.01,2.03,5,BOX,PCX,13,2.01,2.03,4,NOM,CBOE,12,2.01,2.03,4,BATS,BOX,10,2.01,2.04,11,CBOE,ISE,5,2.01,2.04,6.0,AMEX,AMEX,4.0,2.01,2.04,6,PHLX,PHLX,4,2.01,2.04,4,ISE
2025-12-08 11:28:16,NOM,27,2.01,2.03,4,PCX,BATS,23,2.01,2.03,4,NOM,PCX,16,2.01,2.03,4,BATS,CBOE,12,2.01,2.04,12,CBOE,BOX,10,2.01,2.04,7,PHLX,ISE,1,2.01,2.04,6.0,AMEX,PHLX,1.0,2.01,2.04,3,BOX,AMEX,4,2.0,2.06,2,ISE
2025-12-08 11:28:32,BATS,26,2.03,2.05,5,PCX,PCX,21,2.03,2.06,43,BOX,NOM,21,2.03,2.06,20,NOM,BOX,19,2.03,2.06,15,BATS,AMEX,17,2.03,2.06,6,PHLX,CBOE,8,2.03,2.06,5.0,CBOE,ISE,8.0,2.03,2.07,6,AMEX,PHLX,6,2.03,2.07,3,ISE
2025-12-08 11:28:48,PCX,15,2.04,2.06,16,PCX,NOM,4,2.04,2.06,11,NOM,BATS,4,2.04,2.06,7,CBOE,CBOE,11,2.03,2.06,5,ISE,BOX,7,2.03,2.06,2,PHLX,PHLX,6,2.03,2.07,13.0,BOX,AMEX,5.0,2.02,2.07,5,AMEX,ISE,3,2.02,2.07,5,BATS
2025-12-08 11:29:03,NOM,30,2.04,2.06,12,NOM,PCX,25,2.04,2.06,12,BATS,CBOE,20,2.04,2.06,9,PCX,BATS,19,2.04,2.06,5,BOX,ISE,9,2.04,2.07,6,PHLX,BOX,9,2.04,2.08,11.0,CBOE,PHLX,5.0,2.04,2.08,5,AMEX,AMEX,3,2.04,2.08,3,ISE
2025-12-08 11:29:18,PCX,6,2.05,2.07,46,BOX,BATS,4,2.05,2.07,26,BATS,NOM,31,2.04,2.07,25,PCX,CBOE,11,2.04,2.07,21,NOM,BOX,10,2.04,2.07,16,AMEX,PHLX,6,2.03,2.07,13.0,CBOE,AMEX,5.0,2.03,2.07,7,ISE,ISE,2,2.03,2.07,5,PHLX
2025-12-08 11:29:33,PCX,22,2.05,2.07,14,BATS,NOM,9,2.05,2.07,12,PCX,BATS,9,2.05,2.07,10,NOM,AMEX,7,2.05,2.07,8,BOX,CBOE,5,2.05,2.08,5,PHLX,PHLX,5,2.05,2.08,2.0,ISE,BOX,3.0,2.05,2.09,21,CBOE,ISE,3,2.03,2.09,5,AMEX
2025-12-08 11:29:47,NOM,27,2.07,2.1,24,BOX,PCX,24,2.07,2.10,21,BATS,BATS,19,2.07,2.10,20,AMEX,AMEX,12,2.07,2.1,20,NOM,BOX,6,2.07,2.1,17,PCX,CBOE,9,2.06,2.1,5.0,CBOE,PHLX,5.0,2.06,2.12,6,PHLX,ISE,2,2.06,212.0,3,ISE
2025-12-08 11:30:03,BATS,15,2.07,2.09,41,BOX,PCX,11,2.07,2.09,27,NOM,NOM,6,2.07,2.09,23,PCX,BOX,36,2.06,2.09,19,BATS,CBOE,15,2.06,2.09,3,PHLX,AMEX,7,2.06,2.09,2.0,AMEX,ISE,5.0,2.06,2.1,11,CBOE,PHLX,6,2.05,2.1,3,ISE
2025-12-08 11:30:19,PCX,12,2.07,2.08,5,ISE,BATS,2,2.07,2.09,36,BOX,NOM,31,2.06,2.09,33,NOM,BOX,10,2.06,2.09,26,BATS,PHLX,7,2.05,2.09,25,PCX,CBOE,33,2.04,2.09,18.0,CBOE,AMEX,5.0,2.04,2.09,5,AMEX,ISE,3,2.04,2.09,5,PHLX
2025-12-08 11:30:34,PCX,10,2.08,2.09,5,BATS,BATS,21,2.07,2.10,42,BOX,NOM,17,2.07,2.10,26,NOM,ISE,9,2.07,2.1,24,AMEX,CBOE,7,2.07,2.1,20,PCX,BOX,7,2.07,2.1,8.0,CBOE,PHLX,9.0,2.06,2.1,8,PHLX,AMEX,5,2.05,2.11,2,ISE
2025-12-08 11:30:52,NOM,13,2.09,2.1,10,PCX,PCX,7,2.09,2.10,4,BATS,BATS,2,2.09,2.11,45,BOX,BOX,20,2.08,2.11,19,NOM,PHLX,6,2.08,2.11,6,PHLX,AMEX,5,2.08,2.13,24.0,CBOE,ISE,2.0,2.08,2.13,5,AMEX,CBOE,9,2.07,2.13,3,ISE
2025-12-08 11:31:07,PCX,17,2.10,2.12,33,NOM,CBOE,15,2.10,2.12,11,PCX,BATS,14,2.10,2.12,9,BOX,AMEX,10,2.1,2.12,4,BATS,PHLX,7,2.1,2.13,6,AMEX,ISE,6,2.1,2.13,6.0,CBOE,NOM,5.0,2.1,2.13,2,ISE,BOX,2,2.1,2.14,5,PHLX
2025-12-08 11:31:25,BOX,36,2.09,2.12,23,PCX,PCX,20,2.09,2.12,16,BATS,NOM,19,2.09,2.12,13,CBOE,BATS,19,2.09,2.12,10,NOM,CBOE,15,2.09,2.12,8,BOX,AMEX,12,2.09,2.12,5.0,ISE,ISE,5.0,2.09,2.13,11,AMEX,PHLX,6,2.07,213.0,11,PHLX
2025-12-08 11:31:41,PCX,4,2.07,2.08,5,NOM,BATS,4,2.07,2.08,2,PCX,BOX,12,2.06,2.08,2,BATS,AMEX,6,2.06,2.08,1,ISE,PHLX,6,2.06,2.09,13,CBOE,NOM,4,2.06,2.09,10.0,BOX,ISE,2.0,2.04,2.09,2,AMEX,CBOE,5,2.03,2.1,5,PHLX
2025-12-08 11:31:57,BATS,6,2.06,2.08,14,NOM,BOX NOM,5 4,2.06 2.06,2.08 2.08,9 5,PCX ISE,CBOE,11,2.05,2.08,6,BATS,PHLX,6,2.05,2.09,18,CBOE,AMEX,5,2.04,2.09,6,AMEX,ISE,3,2.04,2.09,1.0,PHLX,,,,,,,,,,,,
2025-12-08 11:32:13,PCX,25,2.05,2.07,20,NOM,BATS,19,2.05,2.07,16,BATS,BOX,12,2.05,2.07,12,PCX,NOM,6,2.05,2.07,6,ISE,ISE,5,2.05,2.07,6,BOX,CBOE,9,2.04,2.07,2.0,AMEX,AMEX,5.0,2.04,2.08,6,PHLX,PHLX,5,2.04,2.09,20,CBOE
2025-12-08 11:32:30,BATS,19,2.03,2.04,2,PCX,NOM,14,2.03,2.05,9,BATS,AMEX,12,2.03,2.05,a,NOM,BOX,9,2.03,2.05,1,BOX,CBOE,8,2.03,2.06,5,CBOE,ISE,5,2.03,2.06,5.0,ISE,PCX,20.0,2.02,2.07,6,PHLX,PHLX,5,2.02,2.07,5,AMEX
2025-12-08 11:32:46,BATS,26,2.04,2.06,14,BATS,PCX,21,2.04,2.06,11,PCX,NOM,21,2.04,2.06,2,AMEX,AMEX,13,2.04,2.07,40,BOX,ISE,6,2.04,2.07,14,NOM,BOX,3,2.04,2.07,10.0,CBOE,PHLX,1.0,2.04,2.07,7,PHLX,CBOE,4,2.03,2.07,4,ISE
2025-12-08 11:33:02,PCX,19,2.06,2.09,23,CBOE,BATS,9,2.06,2.09,20,PCX,BOX,8,2.06,2.09,9,PHLX,NOM,5,2.06,2.09,6,ISE,AMEX,2,2.06,2.09,6,NOM,ISE,2,2.06,2.09,3.0,BOX,PHLX,5.0,2.05,2.09,3,BATS,CBOE,4,2.05,211.0,6,AMEX
2025-12-08 11:33:20,PCX,19,2.04,2.06,10,BOX,NOM,19,2.04,2.06,7,PCX,BATS,12,2.04,2.06,6,BATS,BOX,8,2.04,2.07,31,NOM,PHLX,7,2.04,2.07,7,PHLX,ISE,6,2.04,2.08,24.0,CBOE,CBOE,5.0,2.04,2.08,5,AMEX,AMEX,3,2.04,2.08,3,ISE
2025-12-08 11:33:38,NOM,28,2.03,2.06,49,BOX,PCX,22,2.03,2.06,35,NOM,BATS,17,2.03,2.06,26,CBOE,BOX,16,2.03,2.06,27,BATS,AMEX,9,2.03,2.06,25,PCX,CBOE,9,2.03,2.06,18.0,AMEX,PHLX,6.0,2.03,2.06,6,PHLX,ISE,5,2.03,2.06,5,ISE
2025-12-08 11:33:54,NOM,24,2.03,2.05,3,PCX,PCX,22,2.03,2.05,2,NOM,BATS,9,2.03,2.05,2,BATS,ISE,5,2.03,2.06,41,BOX,BOX,5,2.03,2.06,14,CBOE,AMEX,2,2.03,2.06,10.0,AMEX,CBOE,14.0,2.02,2.06,1,PHLX,PHLX,7,2.01,2.07,2,ISE
2025-12-08 11:34:12,PCX,15,2.04,2.06,33,BOX,BOX,9,2.04,2.06,18,PCX,ISE,6,2.04,2.06,16,NOM,NOM,4,2.04,2.06,15,BATS,BATS,4,2.04,2.06,9,ISE,AMEX,2,2.04,2.07,9.0,CBOE,CBOE,9.0,2.03,2.08,7,PHLX,PHLX,6,2.03,2.08,5,AMEX
2025-12-08 11:34:29,PCX,15,2.03,2.05,33,BOX,NOM,14,2.03,2.05,29,NOM,BATS,9,2.03,2.05,20,AMEX,ISE,5,2.03,2.05,16,PCX,BOX,5,2.03,2.05,15,CBOE,AMEX,7,2.02,2.05,15.0,BATS,PHLX,5.0,2.02,2.05,10,ISE,CBOE,9,2.01,2.06,6,PHLX
2025-12-08 11:34:45,NOM,1,2.06,2.07,40,BOX,PCX,14,2.05,2.07,20,PCX,BATS,5,2.05,2.07,19,NOM,BOX,61,2.04,2.07,19,BATS,PHLX,12,2.04,2.08,11,CBOE,AMEX,5,2.04,2.08,6.0,PHLX,CBOE,5.0,2.04,2.09,5,AMEX,ISE,2,2.04,2.09,3,ISE
2025-12-08 11:35:00,NOM,34,2.06,2.09,43,BOX,PCX,20,2.06,2.09,35,NOM,BATS,20,2.06,2.09,29,PCX,BOX,7,2.06,2.09,24,CBOE,AMEX,6,2.06,2.09,24,BATS,ISE,5,2.06,2.09,18.0,AMEX,PHLX,6.0,2.05,2.09,7,ISE,CBOE,5,2.05,2.09,5,PHLX
2025-12-08 11:35:18,PCX,20,2.08,2.1,1,NOM,BATS,19,2.08,2.11,31,BOX,NOM,14,2.08,2.11,24,BATS,BOX,11,2.08,2.11,19,PCX,CBOE,9,2.07,2.12,25,CBOE,PHLX,6,2.07,2.12,8.0,PHLX,AMEX,5.0,2.07,2.12,6,AMEX,ISE,2,2.07,2.12,3,ISE
2025-12-08 11:35:33,NOM,19,2.06,2.08,26,PCX,BATS,14,2.06,2.08,24,BATS,PCX,1,2.06,2.08,15,NOM,BOX,20,2.05,2.08,6,BOX,CBOE,6,2.05,2.08,5,ISE,PHLX,6,2.05,2.08,3.0,AMEX,AMEX,5.0,2.04,2.09,9,CBOE,ISE,2,2.04,2.09,6,PHLX
2025-12-08 11:35:52,NOM,19,2.04,2.06,4,BATS,PCX,15,2.04,2.07,19,PCX,BOX,6,2.04,2.07,9,BOX,ISE,4,2.04,2.07,7,CBOE,BATS,4,2.04,2.07,6,NOM,CBOE,11,2.03,2.07,5.0,AMEX,PHLX,7.0,2.03,2.07,2,ISE,AMEX,6,2.03,2.08,6,PHLX
2025-12-08 11:36:09,NOM,15,2.04,2.05,2,PCX,BATS,12,2.04,2.06,30,NOM,PCX,11,2.04,2.06,19,BATS,ISE,6,2.04,2.07,46,BOX,BOX,5,2.04,2.07,9,CBOE,PHLX,7,2.03,2.07,6.0,PHLX,CBOE,11.0,2.02,2.07,5,AMEX,AMEX,5,2.02,2.07,2,ISE
2025-12-08 11:36:25,PCX,4,2.05,2.06,10,PCX,NOM,25,2.04,2.06,4,BATS,BATS,12,2.04,2.07,36,NOM,AMEX,6,2.04,2.07,28,BOX,PHLX,6,2.04,2.08,16,CBOE,BOX,3,2.04,2.08,5.0,PHLX,CBOE,10.0,2.03,2.08,4,AMEX,ISE,2,2.03,2.08,1,ISE
2025-12-08 11:36:42,NOM,25,2.07,2.09,15,PCX,PCX,16,2.07,2.09,11,NOM,BOX,9,2.07,2.09,4,BATS,BATS,4,2.07,2.1,49,BOX,AMEX,2,2.07,2.11,10,AMEX,CBOE,19,2.06,2.11,8.0,CBOE,ISE,2.0,2.06,2.11,5,PHLX,PHLX,,2.05,2.11,1,ISE
2025-12-08 11:36:58,NOM,35,2.05,2.07,3,BATS,CBOE,31,2.05,2.07,1,PCX,PCX,22,2.05,2.08,47,BOX,BATS,21,2.05,2.08,35,NOM,AMEX,13,2.05,2.08,12,CBOE,PHLX,9,2.05,2.08,6.0,AMEX,ISE,5.0,2.05,2.08,1,PHLX,BOX,3,2.05,2.09,1,ISE
2025-12-08 11:37:16,PCX,11,2.08,2.09,4,PCX,BOX,50,2.07,2.09,4,BATS,NOM,26,2.07,2.10,43,BOX,BATS,26,2.07,2.1,9,CBOE,CBOE,19,2.07,2.1,6,PHLX,AMEX,17,2.07,2.1,5.0,NOM,ISE,7.0,2.07,2.1,1,AMEX,PHLX,B,2.06,2.11,1,ISE
2025-12-08 11:37:32,PCX,20,2.08,2.1,14,PCX,NOM,19,2.08,2.10,9,BATS,BATS,19,2.08,2.10,6,NOM,ISE,5,2.08,2.11,49,BOX,PHLX,1,2.08,2.11,6,AMEX,BOX,60,2.07,2.12,8.0,CBOE,CBOE,19.0,2.07,2.12,4,PHLX,AMEX,7,2.06,2.12,1,ISE
2025-12-08 11:37:48,BOX,29,2.10,2.11,2.0,PCX,BATS,19,2.10,2.12,19.0,NOM,PCX,18,2.10,2.12,14.0,SATS,NOM,11,2.1,2.12,9.0,BOX,PHLX,6,2.09,2.13,1.0,ISE,CBOE,22,2.08,2.14,20.0,CBOE,AMEX,7.0,2.08,2.14,5.0,PHLX,ISE,2,2.08,2.14,4.0,AMEX
2025-12-08 11:38:04,BATS,13,2.11,2.13,19,BATS,PCX,5,2.11,2.13,17,PCX,NOM,1,2.11,2.13,10,CBOE,AMEX,6,2.1,2.13,9,ISE,PHLX,6,2.1,2.13,9,NOM,BOX,6,2.09,2.13,6.0,BOX,CBOE,26.0,1.96,2.13,2,AMEX,ISE,1,1.94,2.14,7,PHLX
2025-12-08 11:38:20,PCX,17,2.10,2.12,20,PCX,BATS,14,2.10,2.12,20,NOM,ISE,5,2.10,2.12,19,BATS,NOM,4,2.1,2.12,9,BOX,BOX,4,2.1,2.12,2,AMEX,PHLX,19,2.09,2.13,5.0,CBOE,AMEX,16.0,2.09,2.14,5,PHLX,CBOE,6,2.09,2.14,,ISE
2025-12-08 11:38:34,PCX,27,2.11,2.13,6.0,PCX,BATS,24,2.11,2.13,4.0,BATS,NOM,16,2.11,2.13,1.0,NOM,AMEX,15,2.11,2.14,44.0,BOX,BOX,9,2.11,2.14,11.0,CBOE,PHLX,6,2.11,2.14,6.0,AMEX,ISE,5.0,2.11,2.14,4.0,ISE,CBOE,7,2.1,2.16,6.0,PHLX
2025-12-08 11:38:50,BOX,46,2.09,2.11,79,NOM,BATS,29,2.09,2.11,15,PCX,PCX,27,2.09,2.11,10,BATS,NOM,14,2.09,2.12,14,BOX,CBOE,10,2.09,2.12,6,AMEX,AMEX,6,2.09,2.12,5.0,CBOE,ISE,5.0,2.09,2.13,18,PHLX,PHLX,7,2.08,2.13,1,ISE
2025-12-08 11:39:05,PCX,11,2.10,2.12,22,PCX,NOM,6,2.10,2.12,22,BATS,BOX,6,2.10,2.12,20,NOM,BATS,6,2.1,2.12,14,CBOE,ISE,5,2.1,2.12,6,BOX,CBOE,10,2.09,2.12,4.0,ISE,AMEX,7.0,2.09,2.12,2,AMEX,PHLX,7,2.09,213.0,7,PHLX
2025-12-08 11:39:21,AMEX,14,2.12,2.14,26,PCX,ISE,5,2.12,2.14,22,BATS,BOX,69,2.11,2.14,21,NOM,PCX,27,2.11,2.14,14,BOX,BATS,26,2.11,2.14,1,CBOE,NOM,20,2.11,2.15,6.0,PHLX,CBOE,14.0,2.11,2.15,1,ISE,PHLX,12,2.11,2.16,10,AMEX
2025-12-08 11:39:38,PCX,27,2.10,2.12,15,PCX,BATS,16,2.10,2.12,9,BATS,NOM,14,2.10,2.12,1,NOM,ISE,5,2.1,2.13,29,BOX,BOX,61,2.09,2.13,5,CBOE,CBOE,10,2.09,2.13,1.0,AMEX,AMEX,7.0,2.09,2.14,6,PHLX,PHLX,7,2.09,2.14,1,ISE
2025-12-08 11:39:53,PCX,27,2.11,2.13,8,PCX,BATS,21,2.11,2.13,4,BATS,NOM,15,2.11,2.14,46,BOX,AMEX,12,2.11,2.14,20,NOM,BOX,10,2.11,2.14,11,CBOE,CBOE,9,2.11,2.14,6.0,PHLX,ISE,5.0,2.11,2.15,6,AMEX,PHLX,7,2.1,2.15,1,ISE
2025-12-08 11:40:07,NOM,15,2.11,2.13,34,NOM,PCX,13,2.11,2.13,23,BATS,BOX,12,2.11,2.13,22,PCX,BATS,9,2.11,2.13,6,BOX,CBOE,5,2.1,2.13,2,AMEX,AMEX,7,2.09,2.13,1.0,CBOE,PHLX,7.0,2.09,2.14,16,PHLX,ISE,3,2.08,2.14,1,ISE
2025-12-08 11:40:23,NOM,19,2.11,2.13,18,PCX,BATS,19,2.11,2.13,15,NOM,PCX,17,2.11,2.13,6,ISE,CBOE,14,2.11,2.13,2,BATS,BOX,10,2.11,2.14,53,BOX,ISE,5,2.11,2.14,8.0,CBOE,AMEX,2.0,2.11,2.14,4,AMEX,PHLX,9,2.09,214.0,4,PHLX
2025-12-08 11:40:39,BATS,5,2.12,2.13,2,PCX,BOX,50,2.11,2.14,54,BOX,PCX,20,2.11,2.14,39,AMEX,NOM,19,2.11,2.14,38,CBOE,CBOE,9,2.11,2.14,36,NOM,ISE,6,2.11,2.14,26.0,BATS,PHLX,5.0,2.11,2.14,9,PHLX,AMEX,7,2.09,2.14,1,ISE
2025-12-08 11:40:56,BOX,46,2.09,2.11,21,NOM,PCX,20,2.09,2.11,18,PCX,NOM,19,2.09,2.11,18,BATS,BATS,16,2.09,2.11,6,BOX,CBOE,10,2.09,2.11,2,AMEX,ISE,10,2.09,2.12,10.0,CBOE,AMEX,2.0,2.09,2.12,4,PHLX,PHLX,6,2.08,212.0,1,ISE
2025-12-08 11:41:15,PCX,5,2.13,2.14,7,BATS,BATS,29,2.12,2.14,5,NOM,NOM,16,2.12,2.14,1,PCX,PHLX,12,2.12,2.15,44,BOX,BOX,11,2.12,2.16,6,PHLX,AMEX,7,2.12,2.16,4.0,AMEX,CBOE,10.0,2.11,2.16,4,CBOE,ISE,2,2.11,2.16,1,ISE
2025-12-08 11:41:33,PCX,16,2.15,2.17,20,NOM,BOX,5,2.15,2.17,14,BATS,BATS,3,2.15,2.17,11,PCX,NOM,20,2.14,2.17,4,BOX,CBOE,10,2.14,2.18,8,CBOE,AMEX,6,2.14,2.18,1.0,ISE,PHLX,2.0,2.14,2.19,10,AMEX,ISE,3,2.13,2.19,6,PHLX
2025-12-08 11:41:50,BATS,9,2.13,2.15,23,BATS,BOX,5,2.13,2.15,21,NOM,PCX,4,2.13,2.15,17,PCX,NOM,4,2.13,2.15,B,CBOE,CBOE,6,2.12,2.16,62,BOX,PHLX,6,2.12,2.16,7.0,PHLX,AMEX,7.0,2.11,2.16,4,AMEX,ISE,3,2.11,216.0,1,ISE
2025-12-08 11:42:07,PCX,10,2.14,2.16,49,BOX,BATS,4,2.14,2.16,34,NOM,BOX,20,2.13,2.16,25,CBOE,NOM,19,2.13,2.16,22,PCX,CBOE,12,2.13,2.16,18,BATS,AMEX,6,2.13,2.16,12.0,PHLX,PHLX,6.0,2.13,2.16,10,AMEX,ISE,2,2.12,2.16,8,ISE
2025-12-08 11:42:24,PCX,5,2.16,2.18,46,BOX,BATS,5,2.16,2.18,36,NOM,NOM,31,2.15,2.18,25,AMEX,BOX,9,2.15,2.18,23,BATS,PHLX,a,2.15,2.18,17,PCX,CBOE,5,2.15,2.18,10.0,CBOE,AMEX,7.0,2.13,2.18,10,ISE,ISE,3,2.13,219.0,5,PHLX
2025-12-08 11:42:42,PCX,5,2.14,2.16,50,BOX,NOM,30,2.13,2.16,36,NOM,BATS,21,2.13,2.16,31,AMEX,CBOE,12,2.13,2.16,23,BATS,BOX,7,2.13,2.16,22,PCX,PHLX,3,2.13,2.16,10.0,CBOE,AMEX,16.0,2.12,2.16,5,ISE,ISE,3,2.12,217.0,5,PHLX
2025-12-08 11:42:59,PCX,17,2.12,2.14,31,NOM,NOM,15,2.12,2.14,19,PCX,BATS,14,2.12,2.14,14,BATS,BOX,9,2.12,2.14,6,BOX,AMEX,8,2.12,2.14,5,ISE,ISE,5,2.12,2.15,13.0,CBOE,PHLX,6.0,2.11,2.15,5,PHLX,CBOE,5,2.11,215.0,4,AMEX
2025-12-08 11:43:15,PCX,4,2.13,2.15,27,BOX,NOM,4,2.13,2.15,15,CBOE,BATS,4,2.13,2.15,15,NOM,AMEX,2,2.13,2.15,14,BATS,BOX,9,2.12,2.15,12,PCX,CBOE,12,2.11,2.15,6.0,ISE,PHLX,8.0,2.11,2.17,7,PHLX,ISE,2,2.11,217.0,4,AMEX
2025-12-08 11:43:31,NOM,19,2.09,2.11,20,PCX,BATS,19,2.09,2.11,4,BATS,PCX,17,2.09,2.11,1,NOM,BOX,12,2.09,2.12,18,BOX,AMEX,7,2.09,2.12,3,CBOE,ISE,5,2.09,2.12,1.0,ISE,PHLX,8.0,2.07,2.13,6,PHLX,CBOE,14,2.06,2.13,4,AMEX
2025-12-08 11:43:46,PCX,10,2.11,2.13,49,BOX,BOX,6,2.11,2.13,22,BATS,NOM,5,2.11,2.13,20,NOM,BATS,4,2.11,2.13,15,CBOE,PHLX,8,2.1,2.13,14,AMEX,AMEX,7,2.1,2.13,13.0,PCX,CBOE,7.0,2.1,2.14,9,PHLX,ISE,2,2.09,214.0,1,ISE
2025-12-08 11:44:01,BOX,43,2.10,2.12,16,NOM,PCX,23,2.10,2.12,14,PCX,NOM,20,2.10,2.12,4,BATS,BATS,19,2.1,2.12,3,BOX,PHLX,6,2.1,2.14,25,CBOE,ISE,5,2.1,2.14,7.0,PHLX,AMEX,1.0,2.1,2.14,4,AMEX,CBOE,,2.08,214.0,3,ISE
2025-12-08 11:44:19,BATS,29,2.09,2.11,26,NOM,PCX,21,2.09,2.11,16,BATS,NOM,20,2.09,2.11,8,PCX,ISE,5,2.09,2.12,6,PHLX,BOX,3,2.09,2.12,5,BOX,AMEX,27,2.08,2.13,10.0,CBOE,PHLX,21.0,2.08,2.13,4,AMEX,CBOE,19,2.08,2.13,3,ISE
2025-12-08 11:44:36,NOM,15,2.09,2.1,6,PCX,BATS,14,2.09,2.10,2,BATS,PCX,9,2.09,2.11,88,AMEX,BOX,51,2.08,2.11,30,BOX,AMEX,6,2.08,2.11,16,NOM,CBOE,6,2.08,211.0,5.0,CBOE,PHLX,6.0,2.08,2.12,1,ISE,ISE,2,2.07,2.13,7,PHLX
2025-12-08 11:44:52,BOX,7,2.10,2.12,44,BOX,PCX,4,2.10,2.12,37,NOM,NOM,4,2.10,2.12,29,AMEX,BATS,4,2.1,2.12,27,BATS,AMEX,2,2.1,2.12,25,CBOE,PHLX,7,2.09,2.12,22.0,PCX,CBOE,10.0,2.08,2.12,9,PHLX,ISE,2,2.08,2.12,6,ISE
2025-12-08 11:45:09,ISE,11,2.14,2.16,15,NOM,PCX,10,2.14,2.16,10,PCX,BOX,10,2.14,2.16,9,BATS,NOM,5,2.14,2.17,9,CBOE,BATS,4,2.14,2.17,9,BOX,AMEX,2,2.14,2.17,1.0,ISE,CBOE,12.0,2.13,2.18,10,AMEX,PHLX,7,2.13,2.18,6,PHLX
2025-12-08 11:45:27,NOM,32,2.15,2.17,10,ISE,PCX,17,2.15,2.17,9,BATS,BATS,16,2.15,2.17,8,NOM,BOX,11,2.15,2.17,7,PCX,ISE,5,2.15,2.18,32,BOX,AMEX,2,2.15,2.18,9.0,CBOE,PHLX,7.0,2.14,2.18,4,AMEX,CBOE,5,2.14,2.18,4,PHLX
2025-12-08 11:45:44,PCX,9,2.12,2.14,27,NOM,BATS,9,2.12,2.14,13,PCX,BOX,14,2.11,2.14,13,CBOE,NOM,9,2.11,2.14,10,BATS,CBOE,6,2.11,2.14,2,AMEX,PHLX,6,2.11,2.14,2.0,BOX,AMEX,1.0,2.11,2.15,4,PHLX,ISE,2,2.1,2.15,1,ISE
2025-12-08 11:46:02,PCX,20,2.12,2.14,34,CBOE,BATS,19,2.12,2.14,9,PCX,NOM,9,2.12,2.14,9,BATS,AMEX,7,2.12,2.14,5,ISE,ISE,5,2.12,2.15,18,NOM,BOX,4,2.12,2.15,6.0,PHLX,CBOE,11.0,2.11,2.15,4,AMEX,PHLX,6,2.11,2.16,13,BOX
2025-12-08 11:46:18,NOM,32,2.14,2.16,10,PCX,PCX,24,2.14,2.16,5,BATS,BATS,21,2.14,2.17,44,BOX,AMEX,13,2.14,2.17,32,NOM,BOX,9,2.14,2.17,5,CBOE,ISE,5,2.14,2.17,1.0,ISE,CBOE,10.0,2.13,2.18,6,PHLX,PHLX,8,2.13,2.18,4,AMEX
2025-12-08 11:46:34,NOM,36,2.12,2.14,14,PCX,CBOE,24,2.12,2.14,10,BATS,BATS,19,2.12,2.15,37,BOX,PCX,17,2.12,2.15,33,NOM,AMEX,13,2.12,2.15,8,CBOE,PHLX,9,2.12,2.15,4.0,AMEX,ISE,5.0,2.12,2.15,4,PHLX,BOX,1,2.12,2.15,1,ISE
2025-12-08 11:46:50,PCX,10,2.13,2.14,7,PCX,NOM,4,2.13,2.15,33,NOM,BATS,4,2.13,2.15,23,BATS,BOX,55,2.12,2.15,11,BOX,AMEX,6,2.12,2.15,4,AMEX,CBOE,6,2.12,2.15,4.0,PHLX,PHLX,6.0,2.12,2.15,3,CBOE,ISE,2,2.11,2.15,1,ISE
2025-12-08 11:47:05,BOX,33,2.11,2.13,18,PCX,PCX,18,2.11,2.13,15,NOM,NOM,16,2.11,2.13,14,BATS,AMEX,12,2.11,2.13,5,BOX,CBOE,10,2.11,2.14,12,CBOE,BATS,10,2.11,2.14,6.0,AMEX,ISE,5.0,2.11,2.15,2,PHLX,PHLX,8,2.1,2.16,3,ISE
2025-12-08 11:47:20,PCX,16,2.10,2.11,5,ISE,NOM,11,2.10,2.11,5,BOX,BATS,11,2.10,2.11,3,BATS,BOX,33,2.09,2.11,2,PCX,AMEX,6,2.09,2.11,1,NOM,CBOE,5,2.09,2.12,10.0,PHLX,PHLX,7.0,2.08,2.12,9,CBOE,ISE,3,2.08,212.0,2,AMEX
2025-12-08 11:47:36,NOM,32,2.09,2.11,39,PCX,BATS,24,2.09,2.11,9,BATS,PCX,22,2.09,2.11,6,NOM,AMEX,17,2.09,2.12,43,BOX,CBOE,9,2.09,2.12,6,AMEX,BOX,8,2.09,2.12,6.0,PHLX,ISE,6.0,2.09,2.13,25,CBOE,PHLX,1,2.09,2.13,1,ISE
2025-12-08 11:47:53,BOX,53,2.12,2.13,4,PCX,NOM,29,2.12,2.14,6,AMEX,CBOE,24,2.12,2.14,6,PHLX,BATS,24,2.12,2.14,5,NOM,ISE,7,2.12,2.14,4,BATS,AMEX,27,2.11,2.15,43.0,BOX,PCX,15.0,2.11,2.15,11,CBOE,PHLX,3,2.11,2.16,1,ISE
2025-12-08 11:48:11,BATS,27,2.10,2.12,31,NOM,PCX,25,2.10,2.12,14,BATS,NOM,17,2.10,2.12,10,PCX,ISE,10,2.1,2.12,3,BOX,AMEX,6,2.1,2.13,6,AMEX,BOX,3,2.1,2.13,5.0,CBOE,CBOE,10.0,2.09,2.14,5,PHLX,PHLX,8,2.09,2.14,1,ISE
2025-12-08 11:48:30,BATS,14,2.08,2.09,4,BATS,PCX,5,2.08,2.09,2,PCX,NOM,37,2.07,2.10,36,NOM,PHLX,6,2.07,2.11,13,BOX,ISE,5,2.07,2.11,5,PHLX,BOX,14,2.06,2.11,4.0,AMEX,CBOE,10.0,2.06,2.11,3,CBOE,AMEX,7,2.06,2.32,1,ISE
2025-12-08 11:48:46,BATS,4,2.06,2.08,50,BOX,PCX,2,2.06,2.08,25,CBOE,NOM,21,2.05,2.08,23,BATS,BOX,11,2.05,2.08,21,PCX,PHLX,6,2.05,2.08,19,NOM,CBOE,10,2.04,2.08,6.0,ISE,AMEX,7.0,2.04,2.08,2,PHLX,ISE,3,2.04,2.09,4,AMEX
2025-12-08 11:49:02,PCX,16,2.09,2.11,36,NOM,BATS,16,2.09,2.11,20,PCX,NOM,10,2.09,2.11,19,BATS,ISE,5,2.09,2.11,10,CBOE,BOX,65,2.08,2.11,6,BOX,PHLX,16,2.08,2.11,2.0,AMEX,AMEX,7.0,2.08,2.12,7,PHLX,CBOE,5,2.08,2.14,3,ISE
2025-12-08 11:49:18,PCX,1,2.11,2.12,10,NOM,NOM,37,2.10,2.12,5,BOX,BOX,27,2.10,2.12,4,BATS,BATS,26,2.1,2.13,16,PCX,CBOE,18,2.1,2.13,7,CBOE,ISE,2,2.1,2.13,6.0,PHLX,PHLX,1.0,2.1,2.14,1,ISE,AMEX,7,2.09,2.15,4,AMEX
2025-12-08 11:49:34,BOX,47,2.07,2.09,17,PCX,NOM,32,2.07,2.09,4,BATS,PCX,25,2.07,2.09,1,ISE,BATS,16,2.07,2.09,1,NOM,CBOE,10,2.07,2.1,49,BOX,AMEX,6,2.07,2.1,6.0,PHLX,ISE,5.0,2.07,2.11,10,CBOE,PHLX,8,2.06,2.11,4,AMEX
2025-12-08 11:49:49,PCX,15,2.08,2.1,37,NOM,BATS,14,2.08,2.10,22,BATS,NOM,9,2.08,2.10,11,PCX,BOX,64,2.07,2.1,8,BOX,CBOE,10,2.07,2.1,7,PHLX,AMEX,7,2.07,2.1,1.0,AMEX,ISE,2.0,2.07,2.11,6,CBOE,PHLX,B,2.06,2.11,1,ISE
2025-12-08 11:50:03,NOM,38,2.06,2.08,22,PCX,PCX,15,2.06,2.08,9,BATS,ISE,11,2.06,2.08,B,BOX,BATS,4,2.06,2.08,2,AMEX,BOX,47,2.05,2.08,1,ISE,PHLX,6,2.05,2.09,37.0,NOM,AMEX,7.0,2.04,2.09,15,PHLX,CBOE,5,2.04,2.09,4,CBOE
2025-12-08 11:50:19,CBOE,24,2.07,2.09,18,PCX,PCX,20,2.07,2.09,18,BATS,NOM,19,2.07,2.09,16,NOM,BATS,19,2.07,2.09,9,BOX,ISE,5,2.07,2.1,10,CBOE,BOX,47,2.06,2.1,5.0,PHLX,PHLX,17.0,2.05,2.1,4,AMEX,AMEX,7,2.05,210.0,1,ISE
2025-12-08 11:50:34,PCX,15,2.09,2.11,23,PCX,BATS,7,2.09,2.11,21,NOM,ISE,5,2.09,2.11,21,BATS,BOX,51,2.08,2.11,2,BOX,NOM,34,2.08,2.12,10,CBOE,PHLX,9,2.08,2.12,4.0,AMEX,CBOE,12.0,2.07,2.12,4,PHLX,AMEX,7,2.07,2.12,1,ISE
2025-12-08 11:50:52,PCX,20,2.11,2.13,23,NOM,NOM,9,2.11,2.13,19,BATS,BATS,4,2.11,2.13,18,PCX,BOX,51,2.1,2.13,12,BOX,PHLX,6,2.1,2.13,2,AMEX,CBOE,5,2.1,2.14,9.0,CBOE,AMEX,7.0,2.09,2.14,5,PHLX,ISE,3,2.09,214.0,1,ISE
2025-12-08 11:51:09,BATS,19,2.08,2.1,33,NOM,PCX,17,2.08,2.10,18,PCX,NOM,10,2.08,2.10,18,BATS,BOX,51,2.07,2.1,12,BOX,CBOE,10,2.06,2.1,3,PHLX,PHLX,8,2.06,2.1,2.0,AMEX,AMEX,7.0,2.06,2.1,2,CBOE,ISE,2,2.06,2.1,1,ISE
2025-12-08 11:51:25,NOM,10,2.07,2.08,17,NOM,BOX,36,2.06,2.08,11,PCX,PCX,20,2.06,2.08,5,ISE,CBOE,15,2.06,2.08,4,BATS,BATS,14,2.06,2.09,59,BOX,ISE,5,2.06,2.09,16.0,PHLX,AMEX,2.0,2.06,2.09,10,CBOE,PHLX,7,2.05,2.09,6,AMEX
2025-12-08 11:51:42,NOM,19,2.04,2.06,32,NOM,BATS,19,2.04,2.06,16,BATS,PCX,7,2.04,2.06,14,PCX,ISE,6,2.04,2.06,11,BOX,BOX,40,2.03,2.06,2,AMEX,PHLX,17,2.03,2.07,5.0,PHLX,AMEX,6.0,2.03,2.08,3,CBOE,CBOE,6,2.02,2.08,1,ISE
2025-12-08 11:51:58,PCX,28,2.05,2.07,15,PCX,NOM,28,2.05,2.07,14,NOM,BATS,16,2.05,2.07,4,BATS,BOX,12,2.05,2.08,46,BOX,CBOE,6,2.05,2.08,7,PHLX,AMEX,2,2.05,2.08,1.0,ISE,ISE,1.0,2.05,2.09,10,CBOE,PHLX,17,2.04,2.09,4,AMEX
2025-12-08 11:52:16,PCX,9,2.04,2.06,50,BOX,BOX,5,2.04,2.06,26,PCX,BATS,4,2.04,2.06,25,AMEX,NOM,38,2.03,2.06,23,BATS,PHLX,7,2.03,2.06,19,NOM,AMEX,7,2.02,2.06,11.0,CBOE,CBOE,5.0,2.02,2.06,10,PHLX,ISE,2,2.02,2.06,7,ISE
2025-12-08 11:52:32,BATS,9,1.99,2.0,4.0,ISE,PCX,7,1.99,2.00,1.0,NOM,NOM,4,1.99,2.01,18.0,PCX,PHLX,6,1.98,2.01,13.0,BATS,CBOE,5,1.98,2.01,9.0,BOX,BOX,5,1.98,2.02,18.0,CBOE,ISE,2.0,1.97,2.02,7.0,PHLX,AMEX,1,1.69,2.05,6.0,AMEX
2025-12-08 11:52:48,BATS,26,1.97,1.99,27,NOM,PCX,19,1.97,1.99,19,BATS,NOM,14,1.97,1.99,14,PCX,AMEX,B,1.97,1.99,5,BOX,ISE,5,1.97,1.99,1,AMEX,BOX,5,1.97,2.0,10.0,CBOE,PHLX,8.0,1.96,2.0,1,ISE,CBOE,5,1.96,2.01,6,PHLX
2025-12-08 11:53:05,BATS,7,1.97,1.98,20,PCX,NOM,1,1.97,1.98,5,BATS,PCX,20,1.96,1.99,20,NOM,CBOE,10,1.96,1.99,7,BOX,AMEX,7,1.96,1.99,6,PHLX,ISE,2,1.96,2.0,24.0,CBOE,BOX,28.0,1.95,2.01,4,AMEX,PHLX,1,1.71,2.01,1,ISE
2025-12-08 11:53:20,NOM,23,1.96,1.98,14,BATS,BATS,19,1.96,1.98,10,PCX,PCX,16,1.96,1.98,4,BOX,ISE,4,1.96,1.99,38,NOM,BOX,59,1.95,2.0,8,PHLX,PHLX,15,1.95,2.0,5.0,AMEX,AMEX,10.0,1.95,2.19,14,CBOE,CBOE,B,1.78,2.2,1,ISE
2025-12-08 11:53:34,BOX,9,1.97,1.98,4,PCX,NOM,26,1.96,1.98,4,BATS,PCX,25,1.96,1.99,47,BOX,BATS,17,1.96,1.99,36,NOM,AMEX,9,1.96,1.99,8,PHLX,CBOE,9,1.96,1.99,1.0,ISE,PHLX,8.0,1.96,2.0,5,AMEX,ISE,7,1.96,2.01,4,CBOE
2025-12-08 11:53:51,PCX,17,1.96,1.98,40,BOX,BATS,9,1.96,1.98,22,PCX,NOM,5,1.96,1.98,22,BATS,ISE,4,1.96,1.98,11,NOM,BOX,59,1.95,1.98,6,ISE,AMEX,11,1.95,1.98,5.0,CBOE,PHLX,11.0,1.95,1.98,5,PHLX,CBOE,9,1.95,1.98,2,AMEX
2025-12-08 11:54:07,PCX,25,2.02,2.04,30,NOM,BATS,9,2.02,2.04,19,BATS,NOM,7,2.02,2.04,17,PCX,BOX,7,2.02,2.04,4,BOX,CBOE,9,2.01,2.05,5,CBOE,AMEX,7,2.01,2.06,7.0,PHLX,PHLX,5.0,2.01,2.06,3,ISE,ISE,2,2.01,2.07,4,AMEX
2025-12-08 11:54:22,PCX,6,2.02,2.03,18,BATS,BATS,4,2.02,2.03,10,PCX,NOM,14,2.01,2.03,5,BOX,PHLX,6,2.01,2.04,30,NOM,BOX,45,2.0,2.04,4,AMEX,CBOE,5,2.0,2.04,4.0,PHLX,ISE,3.0,2.0,2.04,3,CBOE,AMEX,7,1.99,2.04,1,ISE
2025-12-08 11:54:38,PCX,19,2.00,2.02,20,PCX,BATS,19,2.00,2.02,8,BATS,NOM,9,2.00,2.02,5,ISE,AMEX,7,2.0,2.02,2,AMEX,BOX,7,2.0,2.02,1,NOM,PHLX,6,1.99,2.02,1.0,BOX,CBOE,5.0,1.99,2.03,5,PHLX,ISE,2,1.98,2.03,3,CBOE
2025-12-08 11:54:54,PCX,20,2.02,2.04,61,BOX,BATS,4,2.02,2.04,31,NOM,NOM,1,2.02,2.04,18,PCX,BOX,9,2.01,2.04,18,BATS,PHLX,7,2.01,2.04,13,CBOE,CBOE,5,2.01,2.04,8.0,PHLX,AMEX,1.0,2.01,2.04,3,ISE,ISE,3,2.0,2.04,2,AMEX
2025-12-08 11:55:08,NOM,20,1.99,2.01,18,BATS,BATS,19,1.99,2.01,15,NOM,PCX,13,1.99,2.01,14,PCX,ISE,10,1.99,2.01,7,AMEX,AMEX,8,1.99,2.01,2,ISE,PHLX,1,1.99,2.01,1.0,BOX,BOX,45.0,1.98,2.02,10,PHLX,CBOE,11,1.98,2.02,3,CBOE
2025-12-08 11:55:22,PCX,B,1.98,1.99,13,PCX,NOM,4,1.98,1.99,5,ISE,BATS,4,1.98,2.00,18,NOM,CBOE,11,1.97,2.0,8,BOX,PHLX,6,1.97,2.0,4,AMEX,BOX,5,1.97,2.0,4.0,BATS,AMEX,7.0,1.95,2.0,3,CBOE,ISE,3,1.95,2.01,5,PHLX
2025-12-08 11:55:37,NOM,32,1.97,1.99,12,PCX,PCX,19,1.97,1.99,9,BATS,PHLX,10,1.97,2.00,34,NOM,BATS,9,1.97,2.0,8,CBOE,ISE,6,1.97,2.0,7,BOX,BOX,5,1.97,2.0,1.0,ISE,CBOE,2.0,1.97,2.01,5,PHLX,AMEX,1,1.97,2.01,4,AMEX
2025-12-08 11:55:53,PCX,29,1.99,2.01,16,PCX,BATS,24,1.99,2.01,4,NOM,NOM,14,1.99,2.01,4,BATS,BOX,11,1.99,2.02,50,BOX,CBOE,6,1.99,2.02,7,PHLX,ISE,6,1.99,2.02,6.0,AMEX,AMEX,3.0,1.99,2.02,6,CBOE,PHLX,8,1.98,2.03,1,ISE
2025-12-08 11:56:10,NOM,34,2.01,2.03,4,PCX,BATS,29,2.01,2.03,4,BATS,PCX,24,2.01,2.04,33,NOM,AMEX,17,2.01,2.04,11,CBOE,ISE,8,2.01,2.04,6,AMEX,BOX,5,2.01,2.04,6.0,PHLX,CBOE,4.0,2.01,2.05,52,BOX,PHLX,2,2.01,2.05,1,ISE
2025-12-08 11:56:25,NOM,36,1.97,1.99,17,PCX,PCX,26,1.97,1.99,14,NOM,BATS,25,1.97,1.99,14,BATS,BOX,B,1.97,1.99,9,BOX,ISE,6,1.97,2.01,10,AMEX,AMEX,5,1.97,2.01,10.0,CBOE,CBOE,5.0,1.97,2.01,4,PHLX,PHLX,8,1.96,2.01,1,ISE
2025-12-08 11:56:41,BATS,22,1.98,2.0,20,PCX,PCX,21,1.98,2.00,14,NOM,NOM,10,1.98,2.00,11,BATS,AMEX,6,1.98,2.0,6,BOX,ISE,5,1.98,2.0,2,AMEX,BOX,66,1.97,2.01,8.0,CBOE,CBOE,10.0,1.97,2.01,6,PHLX,PHLX,8,1.97,2.01,1,ISE
2025-12-08 11:56:59,BOX,27,1.99,2.01,9.0,PCX,BATS,26,1.99,2.01,4.0,NOM,PCX,24,1.99,2.01,4.0,BATS,NOM,10,1.99,2.01,3.0,BOX,AMEX,7,1.99,2.02,11.0,CBOE,ISE,6,1.99,2.02,6.0,AMEX,CBOE,4.0,1.99,2.02,6.0,PHLX,PHLX,2,1.99,2.03,1.0,ISE
2025-12-08 11:57:15,PCX,11,1.98,1.99,25,PCX,NOM,5,1.98,1.99,25,BATS,BATS,5,1.98,1.99,19,NOM,BOX,15,1.97,1.99,5,BOX,CBOE,9,1.96,2.0,2,ISE,AMEX,5,1.96,2.01,18.0,PHLX,PHLX,5.0,1.96,2.01,11,AMEX,ISE,2,1.96,2.01,11,CBOE
2025-12-08 11:57:33,PCX,19,1.98,2.0,34,NOM,NOM,15,1.98,2.00,19,PCX,BATS,14,1.98,2.00,19,BATS,ISE,5,1.98,2.0,6,ISE,BOX,3,1.98,2.01,51,BOX,CBOE,18,1.97,2.02,11.0,CBOE,PHLX,11.0,1.97,2.02,7,PHLX,AMEX,5,1.97,2.02,5,AMEX
2025-12-08 11:57:49,BOX,37,2.01,2.03,20,PCX,NOM,35,2.01,2.03,9,BATS,CBOE,28,2.01,2.03,5,BOX,PCX,18,2.01,2.03,4,ISE,AMEX,15,2.01,2.04,31,NOM,BATS,14,2.01,2.04,6.0,AMEX,ISE,6.0,2.01,2.04,6,PHLX,PHLX,4,2.01,2.05,10,CBOE
2025-12-08 11:58:05,NOM,36,2.03,2.05,5,BOX,BATS,24,2.03,2.05,4,BATS,PCX,23,2.03,2.06,19,NOM,AMEX,12,2.03,2.06,14,PCX,CBOE,10,2.03,2.06,6,PHLX,ISE,6,2.03,2.07,6.0,AMEX,PHLX,2.0,2.03,2.07,6,CBOE,BOX,60,2.02,2.07,2,ISE
2025-12-08 11:58:22,CBOE,29,2.01,2.03,15,PCX,NOM,28,2.01,2.03,14,NOM,PCX,23,2.01,2.03,14,BATS,BATS,21,2.01,2.04,55,BOX,BOX,11,2.01,2.04,11,CBOE,AMEX,9,2.01,2.04,6.0,AMEX,PHLX,5.0,2.01,2.04,6,PHLX,ISE,2,2.01,2.06,3,ISE
2025-12-08 11:58:41,NOM,17,2.01,2.02,4,BATS,PCX,13,2.01,2.03,19,NOM,BATS,7,2.01,2.03,16,PCX,BOX,5,2.01,2.04,55,BOX,ISE,1,2.01,2.05,3,ISE,CBOE,18,2.0,2.05,2.0,PHLX,PHLX,6.0,2.0,2.06,12,CBOE,AMEX,5,2.0,2.06,5,AMEX
2025-12-08 11:58:58,BATS,19,2.01,2.03,46,BOX,PCX,16,2.01,2.03,35,NOM,BOX,9,2.01,2.03,20,PCX,ISE,6,2.01,2.03,19,BATS,NOM,1,2.01,2.03,7,ISE,CBOE,18,2.0,2.03,4.0,CBOE,AMEX,5.0,2.0,2.03,2,AMEX,PHLX,5,2.0,2.04,7,PHLX
2025-12-08 11:59:16,NOM,31,1.97,1.99,15,PCX,BATS,24,1.97,1.99,14,BATS,PCX,19,1.97,1.99,4,NOM,ISE,11,1.97,2.0,50,BOX,BOX,9,1.97,2.0,6,AMEX,AMEX,2,1.97,2.0,6.0,CBOE,CBOE,18.0,1.96,2.0,6,PHLX,PHLX,6,1.96,2.01,3,ISE
2025-12-08 11:59:35,BOX,45,1.96,1.98,15,PCX,NOM,35,1.96,1.98,6,ISE,CBOE,28,1.96,1.98,4,NOM,BATS,24,1.96,1.98,4,BATS,AMEX,23,1.96,1.99,50,BOX,PCX,22,1.96,1.99,7.0,PHLX,ISE,6.0,1.96,1.99,6,AMEX,PHLX,11,1.95,2.0,12,CBOE
2025-12-08 11:59:53,NOM,19,1.97,1.99,26,NOM,PCX,11,1.97,1.99,24,PCX,BATS,4,1.97,1.99,19,CBOE,PHLX,7,1.96,1.99,14,BATS,BOX,3,1.96,1.99,10,BOX,AMEX,7,1.95,1.99,6.0,ISE,CBOE,7.0,1.95,1.99,5,PHLX,ISE,3,1.95,1.99,3,AMEX
2025-12-08 12:00:10,NOM,30,1.95,1.97,27,BOX,BATS,15,1.95,1.97,20,PCX,PCX,12,1.95,1.97,19,BATS,PHLX,6,1.95,1.97,10,NOM,BOX,4,1.95,1.98,12,PHLX,CBOE,18,1.94,1.98,11.0,AMEX,AMEX,12.0,1.94,1.98,11,CBOE,ISE,2,1.94,1.98,1,ISE
2025-12-08 12:00:27,PCX,25,1.96,1.97,4,BATS,NOM,21,1.96,1.98,14,NOM,BOX,9,1.96,1.98,9,PCX,ISE,6,1.96,1.99,47,BOX,BATS,5,1.96,2.0,6,PHLX,AMEX,1,1.96,2.0,5.0,AMEX,CBOE,1.0,1.96,2.0,5,CBOE,PHLX,6,1.95,2.0,2,ISE
2025-12-08 12:00:45,NOM,19,1.93,1.95,26,NOM,PCX,9,1.93,1.95,16,BATS,BOX,1,1.93,1.95,11,PCX,CBOE,5,1.92,1.95,B,BOX,BATS,4,1.92,1.95,7,PHLX,AMEX,12,1.91,1.95,1.0,AMEX,PHLX,6.0,1.91,1.97,4,CBOE,ISE,2,1.91,1.97,2,ISE
2025-12-08 12:01:03,NOM,30,1.96,1.98,20,PCX,PCX,11,1.96,1.98,17,BOX,BATS,9,1.96,1.98,15,NOM,BOX,6,1.96,1.98,14,BATS,ISE,4,1.96,1.98,5,ISE,CBOE,12,1.95,1.98,2.0,AMEX,PHLX,7.0,1.95,1.99,5,PHLX,AMEX,6,1.95,2.0,12,CBOE
2025-12-08 12:01:21,BATS,18,1.93,1.95,13,BATS,PCX,16,1.93,1.96,37,BOX,NOM,16,1.93,1.96,31,NOM,BOX,13,1.93,1.96,19,PCX,AMEX,4,1.93,1.96,5,CBOE,CBOE,3,1.93,1.96,4.0,ISE,ISE,1.0,1.93,1.96,1,AMEX,PHLX,5,1.92,1.97,,PHLX
2025-12-08 12:01:40,BATS,18,1.92,1.94,35,NOM,PCX,17,1.92,1.94,33,BOX,NOM,11,1.92,1.94,26,AMEX,ISE,5,1.92,1.94,25,CBOE,BOX,58,1.91,1.94,20,PCX,CBOE,8,1.91,1.94,19.0,BATS,AMEX,4.0,1.91,1.94,8,PHLX,PHLX,4,1.91,1.96,2,ISE
2025-12-08 12:01:58,PCX,20,1.89,1.91,47,BOX,BATS,19,1.89,1.91,19,BATS,NOM,15,1.89,1.91,16,PCX,ISE,9,1.89,1.91,15,NOM,BOX,60,1.88,1.92,11,CBOE,CBOE,9,1.88,1.92,3.0,ISE,AMEX,5.0,1.88,1.93,12,AMEX,PHLX,5,1.88,1.93,5,PHLX
2025-12-08 12:02:17,BOX,33,1.89,1.91,19,PCX,AMEX,30,1.89,1.91,19,NOM,PCX,24,1.89,1.91,19,BATS,BATS,19,1.89,1.92,51,BOX,CBOE,18,1.89,1.92,11,CBOE,ISE,14,1.89,1.92,6.0,AMEX,NOM,11.0,1.89,1.92,6,PHLX,PHLX,5,1.89,1.93,3,ISE
2025-12-08 12:02:32,BATS,24,1.83,1.85,20,PCX,PCX,23,1.83,1.85,14,NOM,NOM,11,1.83,1.85,14,BATS,BOX,9,1.83,1.85,6,BOX,CBOE,9,1.82,1.86,3,ISE,PHLX,7,1.82,1.87,11.0,CBOE,AMEX,5.0,1.82,1.87,6,PHLX,ISE,2,1.82,1.87,5,AMEX
2025-12-08 12:02:51,PCX,5,1.81,1.82,9,PCX,NOM,5,1.81,1.82,8,BOX,BATS,5,1.81,1.82,8,BATS,BOX,25,1.8,1.82,1,NOM,CBOE,5,1.8,1.83,5,AMEX,AMEX,5,1.78,1.83,5.0,CBOE,PHLX,5.0,1.78,1.83,5,PHLX,ISE,2,1.78,1.83,3,ISE
2025-12-08 12:03:10,PCX,20,1.82,1.84,51,BOX,,,,,,,NOM BATS,9 9,1.82 1.82,1.84 1.84,19 18,PCX BATS,BOX,3,1.82,1.84,6,NOM,CBOE,11,1.81,1.84,5,AMEX,ISE,1,1.81,1.84,5.0,PHLX,AMEX,5.0,1.8,1.84,4,CBOE,PHLX,6,1.79,1.84,2,ISE
2025-12-08 12:03:29,NOM,32,1.82,1.84,9,BATS,CBOE,23,1.82,1.85,40,BOX,PCX,22,1.82,1.85,19,PCX,BATS,22,1.82,1.85,11,NOM,AMEX,13,1.82,1.85,7,AMEX,BOX,12,1.82,1.85,6.0,CBOE,ISE,7.0,1.82,1.85,2,ISE,PHLX,2,1.82,1.86,6,PHLX
2025-12-08 12:03:48,PCX,11,1.87,1.88,12,BATS,BATS,B,1.87,1.88,10,PCX,NOM,5,1.87,1.88,4,NOM,ISE,4,1.87,1.89,43,BOX,BOX,32,1.86,1.89,6,AMEX,CBOE,9,1.85,1.89,6.0,PHLX,PHLX,6.0,1.85,1.9,11,CBOE,AMEX,5,1.85,1.9,3,ISE
2025-12-08 12:04:07,PCX,4,1.88,1.9,49,BOX,BOX,40,1.87,1.90,24,AMEX,NOM,37,1.87,1.90,19,PCX,BATS,23,1.87,1.9,19,NOM,CBOE,18,1.87,1.9,19,BATS,AMEX,5,1.87,1.9,18.0,CBOE,PHLX,5.0,1.87,1.9,16,PHLX,ISE,3,1.87,1.9,9,ISE
2025-12-08 12:04:26,PCX,24,1.90,1.92,10,PCX,BATS,19,1.90,1.92,10,NOM,CBOE,13,1.90,1.92,10,BATS,BOX,12,1.9,1.93,43,BOX,ISE,9,1.9,1.93,7,PHLX,NOM,22,1.89,1.93,5.0,CBOE,AMEX,5.0,1.89,1.94,3,ISE,PHLX,3,1.59,1.95,5,AMEX
2025-12-08 12:04:46,BOX,51,1.85,1.87,14,PCX,PCX,21,1.85,1.87,5,NOM,NOM,20,1.85,1.87,4,BATS,BATS,14,1.85,1.88,59,BOX,CBOE,5,1.85,1.88,11,AMEX,ISE,5,1.85,1.88,11.0,PHLX,PHLX,7.0,1.84,1.88,4,CBOE,AMEX,6,1.84,1.88,2,ISE
2025-12-08 12:05:06,PCX,12,1.88,1.9,22,PCX,NOM,9,1.88,1.90,16,NOM,BATS,4,1.88,1.90,14,BATS,ISE,1,1.88,1.9,6,BOX,BOX,30,1.87,1.91,16,PHLX,CBOE,23,1.87,1.91,11.0,CBOE,PHLX,6.0,1.87,1.91,5,AMEX,AMEX,5,1.86,1.91,3,ISE
2025-12-08 12:05:26,BATS,22,1.88,1.9,19,PCX,PCX,20,1.88,1.90,19,BATS,NOM,20,1.88,1.90,11,NOM,BOX,6,1.88,1.9,5,BOX,AMEX,2,1.88,1.91,9,CBOE,CBOE,2,1.88,1.91,5.0,AMEX,PHLX,6.0,1.87,1.91,5,PHLX,ISE,3,1.86,1.91,2,ISE
2025-12-08 12:05:47,PCX,9,Bid 1.87,1.89,31,BOX,NOM BATS,4 4,1.87 1.87,1.89 1.89,20 19,PCX NOM,BOX,3,1.87,1.89,19,BATS,AMEX,6,1.86,1.89,18,CBOE,PHLX,6,1.86,1.89,9,ISE,CBOE,9,1.85,1.9,5.0,AMEX,ISE,2.0,1.85,1.9,5,PHLX,,,,,,
2025-12-08 12:06:05,NOM,11,1.90,1.92,22,PCX,BATS,9,1.90,1.92,19,BATS,PHLX,6,1.90,1.92,18,CBOE,PCX,4,1.9,1.92,15,NOM,ISE,4,1.9,1.92,6,ISE,BOX,13,1.89,1.92,1.0,BOX,AMEX,6.0,1.89,1.93,6,PHLX,CBOE,6,1.89,1.94,5,AMEX
2025-12-08 12:06:22,NOM,17,1.88,1.9,21,BATS,PCX,15,1.88,1.90,9,PCX,BATS,14,1.88,1.90,3,BOX,BOX,43,1.87,1.9,1,AMEX,CBOE,11,1.87,1.91,15,NOM,AMEX,6,1.87,1.91,11.0,CBOE,PHLX,5.0,1.86,1.91,6,PHLX,ISE,2,1.86,1.91,2,ISE
2025-12-08 12:06:40,BOX,57,1.88,1.88,4,PCX,NOM,33,1.86,1.88,4,BATS,PCX,26,1.86,1.89,49,BOX,AMEX,26,1.86,1.89,20,NOM,BATS,19,1.86,1.89,6,AMEX,CBOE,18,1.88,1.89,6.0,PHLX,ISE,12.0,1.86,1.89,5,CBOE,PHLX,6,1.85,1.91,3,ISE
2025-12-08 12:06:58,NOM,14,1.87,1.89,21,PCX,BATS,14,1.87,1.89,20,BATS,PCX,6,1.87,1.89,16,NOM,AMEX,1,1.87,1.89,8,CBOE,BOX,49,1.86,1.89,6,ISE,CBOE,6,1.86,1.89,6.0,BOX,PHLX,6.0,1.86,1.89,2,PHLX,ISE,3,1.85,1.9,5,AMEX
2025-12-08 12:07:18,PCX,12,1.88,1.87,10,PCX,BATS,9,1.86,1.87,10,BATS,NOM,37,1.85,1.87,4,ISE,BOX,23,1.85,1.87,1,NOM,PHLX,6,1.85,1.88,56,BOX,CBOE,5,1.85,1.88,5.0,AMEX,AMEX,5.0,1.83,1.88,5,PHLX,ISE,3,1.83,1.88,4,CBOE
2025-12-08 12:07:36,NOM,7,1.89,1.91,47,BOX,PCX,4,1.89,1.91,19,BATS,BATS,4,1.89,1.91,18,AMEX,PHLX,1,1.89,1.91,18,CBOE,CBOE,11,1.88,1.91,15,PCX,BOX,60,1.87,1.91,14.0,NOM,AMEX,5.0,1.87,1.91,6,ISE,ISE,2,1.87,1.91,4,PHLX
2025-12-08 12:07:54,NOM,19,1.89,1.91,46,BOX,PCX,15,1.89,1.91,26,PCX,ISE,6,1.89,1.91,26,BATS,BOX,5,1.89,1.91,12,NOM,BATS,4,1.89,1.91,10,CBOE,AMEX,1,1.89,1.91,10.0,ISE,CBOE,11.0,1.88,1.91,2,AMEX,PHLX,7,1.88,1.92,11,PHLX
2025-12-08 12:08:14,PCX,12,1.92,1.94,20,PCX,NOM,4,1.92,1.94,16,BOX,BATS,4,1.92,1.94,11,NOM,AMEX,15,1.91,1.94,9,CBOE,PHLX,6,1.91,1.94,5,AMEX,CBOE,11,1.9,1.94,5.0,PHLX,BOX,10.0,1.9,1.94,5,BATS,ISE,1,1.9,1.94,2,ISE
2025-12-08 12:08:32,NOM,26,1.91,1.93,39,BOX,BATS,19,1.91,1.93,23,PCX,PCX,17,1.91,1.93,21,BATS,ISE,5,1.91,1.93,20,NOM,AMEX,1,1.91,1.93,10,CBOE,BOX,33,1.9,1.93,5.0,ISE,CBOE,11.0,1.9,1.94,5,AMEX,PHLX,7,1.9,1.94,5,PHLX
2025-12-08 12:08:49,NOM,29,1.91,1.93,21,PCX,PCX,20,1.91,1.93,19,BATS,BATS,14,1.91,1.93,15,NOM,BOX,6,1.91,1.93,13,AMEX,CBOE,5,1.9,1.93,5,BOX,ISE,1,1.89,1.93,3.0,ISE,PHLX,6.0,1.88,1.94,9,CBOE,AMEX,5,1.88,1.94,5,PHLX
2025-12-08 12:09:07,PCX,19,1.91,1.92,4,BATS,BATS,14,1.91,1.93,119,PCX,NOM,6,1.91,1.93,48,BOX,BOX,40,1.9,1.93,17,NOM,CBOE,7,1.9,1.93,7,PHLX,PHLX,7,1.9,1.93,6.0,CBOE,AMEX,6.0,1.9,1.93,1,AMEX,ISE,1,1.9,1.93,1,ISE
2025-12-08 12:09:25,PCX,9,1.91,1.92,11,BATS,BOX,38,1.90,1.92,5,BOX,NOM,36,1.90,1.93,20,NOM,CBOE,11,1.9,1.93,17,PCX,BATS,9,1.9,1.93,5,CBOE,PHLX,6,1.9,1.93,1.0,PHLX,AMEX,6.0,1.89,1.94,4,AMEX,ISE,1,1.89,1.94,1,ISE
2025-12-08 12:09:43,BATS,4,1.89,1.9,19,PCX,PCX,14,1.88,1.90,18,BATS,NOM,9,1.88,1.90,11,NOM,PHLX,6,1.88,1.9,8,BOX,BOX,6,1.88,1.9,2,ISE,AMEX,7,1.85,1.9,1.0,AMEX,CBOE,5.0,1.85,1.91,8,CBOE,ISE,3,1.85,2.16,1,PHLX
2025-12-08 12:10:01,BATS,21,1.89,1.91,22,BOX,PCX NOM,20 16,1.89 1.89,1.91 1.91,20 19,PCX AMEX,ISE,5,1.89,1.91,19,NOM,BOX,5,1.89,1.91,19,BATS,PHLX,7,1.88,1.91,18,CBOE,CBOE,10,1.87,1.91,7.0,ISE,AMEX,7.0,1.87,1.91,2,PHLX,,,,,,
2025-12-08 12:10:20,PCX,9,1.91,1.92,11,BATS,BATS,4,1.91,1.92,9,NOM,NOM,32,1.90,1.92,8,PCX,BOX,29,1.9,1.92,8,BOX,PHLX,15,1.9,1.92,6,ISE,AMEX,6,1.9,1.93,29.0,CBOE,CBOE,12.0,1.89,1.93,22,AMEX,ISE,1,1.89,1.93,5,PHLX
2025-12-08 12:10:37,PCX,19,1.91,1.93,46,BOX,NOM,4,1.91,1.93,24,AMEX,BATS,4,1.91,1.93,19,PCX,BOX,43,1.9,1.93,19,BATS,PHLX,6,1.9,1.93,18,CBOE,CBOE,10,1.89,1.93,16.0,NOM,AMEX,7.0,1.89,1.93,4,PHLX,ISE,3,1.89,1.94,1,ISE
2025-12-08 12:10:54,PCX,19,1.89,1.91,21,BATS,BATS,19,1.89,1.91,12,PCX,NOM,14,1.89,1.91,10,NOM,BOX,46,1.88,1.91,5,ISE,CBOE,5,1.87,1.91,5,BOX,PHLX,B,1.86,1.91,2.0,AMEX,AMEX,7.0,1.86,1.92,14,CBOE,ISE,3,1.86,1.93,4,PHLX
2025-12-08 12:11:12,NOM,13,1.88,1.89,17,BATS,PCX,7,1.88,1.89,2,AMEX,BATS,4,1.88,1.90,57,BOX,BOX,40,1.87,1.9,24,PCX,AMEX,6,1.87,1.9,20,NOM,PHLX,6,1.87,1.9,9.0,CBOE,CBOE,5.0,1.86,1.9,6,PHLX,ISE,3,1.85,1.9,2,ISE
2025-12-08 12:11:30,BATS,4,1.89,1.9,12,BATS,NOM,37,1.88,1.90,11,NOM,PCX PHLX,15 6,1.88 1.88,1.90 1.90,8 4,PCX ISE,BOX,3,1.88,1.91,33,BOX,CBOE,9,1.87,1.91,9,AMEX,AMEX,5,1.87,1.91,5.0,CBOE,ISE,3.0,1.87,1.92,5,PHLX,,,,,,
2025-12-08 12:11:47,PCX,13,1.88,1.9,50,BOX,NOM,10,1.88,1.90,24,PCX,BATS,9,1.88,1.90,23,CBOE,ISE,1,1.88,1.9,20,NOM,BOX,48,1.87,1.9,14,BATS,PHLX,6,1.87,1.9,7.0,ISE,CBOE,9.0,1.86,1.9,5,PHLX,AMEX,5,1.86,1.91,5,AMEX
2025-12-08 12:12:05,PCX,19,1.88,1.9,33,BOX,NOM,10,1.88,1.90,27,AMEX,BATS,4,1.88,1.90,20,PCX,BOX,48,1.87,1.9,14,NOM,PHLX,6,1.86,1.9,14,BATS,AMEX,5,1.86,1.9,10.0,CBOE,CBOE,4.0,1.86,1.91,11,PHLX,ISE,2,1.86,1.91,2,ISE
2025-12-08 12:12:22,BATS,14,1.89,1.9,14,BATS,PCX,7,1.89,1.90,11,NOM,BOX,56,1.88,1.90,9,PCX,NOM,36,1.88,1.91,50,BOX,CBOE,18,1.88,1.92,5,CBOE,AMEX,11,1.88,1.92,2.0,ISE,ISE,10.0,1.88,1.93,5,AMEX,PHLX,7,1.88,1.93,5,PHLX
2025-12-08 12:12:39,BATS,22,1.87,1.89,50,BOX,NOM,19,1.87,1.89,27,BATS,PCX,15,1.87,1.89,24,PCX,BOX,48,1.86,1.89,23,AMEX,PHLX,6,1.86,1.89,21,NOM,ISE,1,1.86,1.89,14.0,CBOE,CBOE,9.0,1.85,1.89,8,ISE,AMEX,5,1.85,1.9,5,PHLX
2025-12-08 12:12:56,NOM,35,1.88,1.9,4,PCX,BATS,24,1.88,1.90,4,BATS,PCX,17,1.88,1.91,11,NOM,BOX,3,1.88,1.91,10,BOX,AMEX,2,1.88,1.91,6,AMEX,ISE,1,1.88,1.91,6.0,CBOE,CBOE,18.0,1.87,1.91,6,PHLX,PHLX,6,1.87,1.92,2,ISE
2025-12-08 12:13:14,NOM,25,1.88,1.9,11,PCX,PCX,13,1.88,1.90,5,BOX,BATS,9,1.88,1.90,4,NOM,BOX,6,1.88,1.9,4,BATS,AMEX,1,1.88,1.91,19,CBOE,CBOE,9,1.87,1.91,15.0,PHLX,PHLX,6.0,1.87,1.91,6,AMEX,ISE,2,1.87,1.91,3,ISE
2025-12-08 12:13:33,PCX,21,1.89,1.91,22,BATS,NOM,20,1.89,1.91,18,PCX,BATS,19,1.89,1.91,12,NOM,CBOE,14,1.89,1.91,1,ISE,BOX,6,1.89,1.92,57,BOX,PHLX,6,1.87,1.92,9.0,CBOE,AMEX,5.0,1.87,1.92,5,AMEX,ISE,2,1.87,1.92,5,PHLX
2025-12-08 12:13:52,NOM,5,1.91,1.93,24,PCX,PCX,4,1.91,1.93,24,BATS,BATS,4,1.91,1.93,15,NOM,BOX,3,1.91,1.93,B,BOX,PHLX,7,1.9,1.93,6,ISE,AMEX,6,1.9,1.93,2.0,AMEX,CBOE,9.0,1.89,1.94,9,CBOE,ISE,2,1.89,1.94,5,PHLX
2025-12-08 12:14:10,BOX,57,1.86,1.88,19,BATS,NOM,36,1.86,1.88,15,PCX,BATS,24,1.86,1.88,10,NOM,PCX,19,1.86,1.88,9,BOX,CBOE,18,1.86,1.89,6,PHLX,ISE,6,1.86,1.89,5.0,CBOE,PHLX,4.0,1.86,1.9,3,ISE,AMEX,12,1.59,2.18,1,AMEX
2025-12-08 12:14:27,BATS,10,1.84,1.85,9.0,PCX,PCX,B,1.84,1.85,5.0,BOX,NOM,5,1.84,1.85,4.0,BATS,BOX,50,1.83,1.85,1.0,NOM,CBOE,5,1.83,1.87,12.0,CBOE,ISE,1,1.83,1.87,10.0,AMEX,PHLX,6.0,1.82,1.87,8.0,PHLX,AMEX,5,1.82,1.87,3.0,ISE
2025-12-08 12:14:43,NOM,16,1.84,1.85,7,PCX,PCX,11,1.84,1.85,4,BATS,BATS,9,1.84,1.86,47,BOX,BOX,30,1.83,1.86,21,NOM,ISE,1,1.83,1.86,11,CBOE,CBOE,9,1.82,1.86,6.0,AMEX,PHLX,6.0,1.82,1.86,6,PHLX,AMEX,5,1.82,1.87,3,ISE
2025-12-08 12:15:01,NOM,32,1.85,1.86,4,PCX,PCX,30,1.85,1.87,40,BOX,BATS,27,1.85,1.87,15,NOM,AMEX,21,1.85,1.87,14,BATS,CBOE,14,1.85,1.87,7,PHLX,PHLX,B,1.85,1.87,5.0,ISE,BOX,7.0,1.85,1.89,5,CBOE,ISE,5,1.85,2.15,15,AMEX
2025-12-08 12:15:18,PCX,4,1.88,1.87,11,PCX,NOM,4,1.86,1.87,8,BOX,BATS,4,1.86,1.87,7,BATS,BOX,50,1.85,1.87,6,ISE,CBOE,11,1.85,1.88,20,NOM,PHLX,6,1.85,1.88,5.0,CBOE,AMEX,5.0,1.85,1.88,2,PHLX,ISE,2,1.84,1.89,5,AMEX
2025-12-08 12:15:37,NOM,5,1.88,1.89,19,BATS,BATS,24,1.87,1.89,14,PCX,PCX,20,1.87,1.89,6,ISE,CBOE,15,1.87,1.89,6,BOX,BOX,12,1.87,1.89,3,AMEX,PHLX,9,1.87,1.89,1.0,NOM,AMEX,2.0,1.87,1.91,7,PHLX,ISE,1,1.87,1.91,5,CBOE
2025-12-08 12:15:56,BATS,4,1.88,1.89,23,BATS,NOM,30,1.87,1.89,21,PCX,PCX,14,1.87,1.89,17,NOM,AMEX,6,1.87,1.89,14,ISE,CBOE,6,1.87,1.89,7,BOX,PHLX,6,1.87,1.9,15.0,AMEX,BOX,50.0,1.86,1.9,14,CBOE,ISE,3,1.85,1.9,8,PHLX
2025-12-08 12:16:14,BATS,19,1.88,1.9,119,PCX,PCX,18,1.88,1.90,33,BOX,NOM,9,1.88,1.90,31,NOM,ISE,6,1.88,1.9,24,BATS,BOX,46,1.87,1.9,19,AMEX,CBOE,11,1.86,1.9,11.0,CBOE,PHLX,6.0,1.86,1.9,8,ISE,AMEX,5,1.86,1.91,7,PHLX
2025-12-08 12:16:33,NOM,36,1.87,1.89,37,BOX,PCX,22,1.87,1.89,21,NOM,BATS,19,1.87,1.89,19,PCX,ISE,10,1.87,1.89,19,BATS,CBOE,7,1.87,1.89,14,AMEX,BOX,4,1.87,1.89,10.0,CBOE,AMEX,2.0,1.87,1.89,6,ISE,PHLX,19,1.85,1.9,11,PHLX
2025-12-08 12:16:51,NOM,28,1.85,1.87,35,BOX,PCX,19,1.85,1.87,30,CBOE,CBOE,19,1.85,1.87,19,NOM,BATS,19,1.85,1.87,19,BATS,BOX,12,1.85,1.87,16,PCX,ISE,6,1.85,1.89,8.0,ISE,AMEX,2.0,1.85,1.89,8,PHLX,PHLX,6,1.84,1.9,5,AMEX
2025-12-08 12:17:10,PCX,10,1.88,1.87,15,PCX,BATS,8,1.86,1.87,14,BOX,BOX,5,1.86,1.87,12,BATS,NOM,2,1.86,1.87,10,CBOE,AMEX,5,1.85,1.87,10,NOM,PHLX,5,1.85,1.87,5.0,ISE,CBOE,4.0,1.85,1.87,1,AMEX,ISE,2,1.85,1.88,6,PHLX
2025-12-08 12:17:29,BOX,44,1.85,1.87,19,NOM,NOM,31,1.85,1.87,17,PCX,BATS,22,1.85,1.87,11,BATS,PCX,20,1.85,1.87,9,BOX,PHLX,6,1.85,1.87,5,ISE,CBOE,9,1.84,1.87,1.0,AMEX,AMEX,5.0,1.84,1.88,7,PHLX,ISE,3,1.84,1.89,11,CBOE
2025-12-08 12:17:47,BATS,14,1.87,1.88,9,BOX,PCX,7,1.87,1.88,6,PCX,NOM,38,1.86,1.88,5,BATS,BOX,24,1.86,1.89,36,NOM,PHLX,6,1.86,1.89,6,PHLX,CBOE,5,1.86,1.89,1.0,AMEX,ISE,2.0,1.86,1.9,11,CBOE,AMEX,5,1.85,1.9,3,ISE
2025-12-08 12:18:05,PCX,9,1.86,1.88,52,BOX,NOM,4,1.86,1.88,24,PCX,BOX,4,1.86,1.88,24,BATS,BATS,4,1.86,1.88,22,CBOE,AMEX,2,1.86,1.88,20,NOM,CBOE,11,1.85,1.88,7.0,ISE,PHLX,9.0,1.85,1.88,6,PHLX,ISE,3,1.84,1.89,11,AMEX
2025-12-08 12:18:24,NOM,38,1.84,1.86,15,PCX,BATS,27,1.84,1.86,14,BATS,PCX,20,1.84,1.86,4,BOX,ISE,7,1.84,1.86,1,NOM,CBOE,6,1.84,1.87,7,PHLX,PHLX,6,1.84,1.88,11.0,CBOE,BOX,6.0,1.84,1.88,5,AMEX,AMEX,1,1.84,1.88,3,ISE
2025-12-08 12:18:44,BOX,50,1.84,1.86,15,PCX,CBOE,36,1.84,1.86,13,BATS,NOM,36,1.84,1.86,1,PHLX,BATS,27,1.84,1.87,47,BOX,PCX,21,1.84,1.87,37,NOM,AMEX,14,1.84,1.87,7.0,CBOE,PHLX,8.0,1.84,1.87,6,AMEX,ISE,7,1.84,1.88,2,ISE
2025-12-08 12:19:01,NOM,14,1.84,1.86,48,BOX,BATS,14,1.84,1.86,27,NOM,PCX,13,1.84,1.86,19,CBOE,BOX,9,1.84,1.86,16,PCX,ISE,6,1.84,1.86,13,BATS,CBOE,18,1.82,1.86,7.0,PHLX,PHLX,6.0,1.82,1.86,6,ISE,AMEX,5,1.82,1.87,5,AMEX
2025-12-08 12:19:22,PCX,20,1.85,1.87,46,BOX,BATS,12,1.85,1.87,36,NOM,NOM,9,1.85,1.87,24,BATS,BOX,7,1.85,1.87,21,CBOE,ISE,4,1.85,1.87,19,PCX,CBOE,9,1.83,1.87,6.0,ISE,AMEX,5.0,1.83,1.87,2,PHLX,PHLX,8,1.8,1.88,5,AMEX
2025-12-08 12:19:41,PCX,13,1.87,1.88,2,PCX,ISE,1,1.87,1.89,37,NOM,CBOE,28,1.86,1.89,15,BATS,AMEX,25,1.86,1.89,6,PHLX,BATS,19,1.86,1.89,5,CBOE,NOM,15,1.86,1.9,18.0,BOX,BOX,7.0,1.86,1.9,3,ISE,PHLX,5,1.86,1.91,5,AMEX
2025-12-08 12:20:02,BATS,4,1.87,1.88,B,BATS,PCX,23,1.86,1.88,6,PCX,NOM,20,1.86,1.88,5,NOM,CBOE,10,1.86,1.88,1,ISE,BOX,7,1.86,1.88,1,BOX,ISE,2,1.86,1.89,5.0,CBOE,AMEX,5.0,1.85,1.89,5,PHLX,PHLX,5,1.85,1.91,5,AMEX
2025-12-08 12:20:20,PCX,20,1.84,1.85,22,BATS,NOM,13,1.84,1.85,9,BOX,BOX,35,1.83,1.85,1,ISE,CBOE,31,1.83,1.86,31,NOM,BATS,26,1.83,1.86,12,PCX,ISE,11,1.83,1.86,10.0,AMEX,AMEX,6.0,1.83,1.86,5,CBOE,PHLX,4,1.82,1.87,2,PHLX
2025-12-08 12:20:39,PCX,20,1.83,1.85,37,AMEX,BATS,19,1.83,1.85,36,NOM,NOM,14,1.83,1.85,34,BOX,BOX,12,1.83,1.85,25,CBOE,PHLX,1,1.83,1.85,19,BATS,CBOE,5,1.82,1.85,15.0,PCX,ISE,2.0,1.82,1.85,12,ISE,AMEX,4,1.81,1.85,6,PHLX
2025-12-08 12:21:00,PCX,10,1.81,1.83,29,NOM,BOX,5,1.81,1.83,26,PCX,BATS,4,1.81,1.83,25,AMEX,NOM,20,1.8,1.83,25,CBOE,CBOE,11,1.8,1.83,2D,BATS,PHLX,6,1.8,1.83,13.0,ISE,AMEX,4.0,1.79,1.83,13,BOX,ISE,2,1.79,1.83,6,PHLX
2025-12-08 12:21:21,PCX,17,1.85,1.87,29,NOM,BATS,14,1.85,1.87,27,BOX,BOX,6,1.85,1.87,18,BATS,NOM,11,1.84,1.87,16,PCX,PHLX,10,1.84,1.87,16,AMEX,CBOE,8,1.84,1.87,10.0,CBOE,AMEX,4.0,1.84,1.87,9,ISE,ISE,2,1.84,1.88,16,PHLX
2025-12-08 12:21:42,NOM,19,1.84,1.86,31,NOM,BATS,17,1.84,1.86,20,CBOE,PCX,16,1.84,1.86,20,BOX,BOX,12,1.84,1.86,19,BATS,AMEX,1,1.84,1.86,14,PCX,ISE,1,1.84,1.86,6.0,ISE,CBOE,8.0,1.83,1.86,2,AMEX,PHLX,4,1.83,1.88,9,PHLX
2025-12-08 12:21:59,PCX,17,1.82,1.84,41,BOX,NOM,14,1.82,1.84,32,CBOE,BATS,12,1.82,1.84,32,NOM,AMEX,1,1.82,1.84,24,PCX,BOX,51,1.81,1.84,2D,BATS,CBOE,24,1.81,1.84,9.0,ISE,PHLX,6.0,1.81,1.84,7,PHLX,ISE,2,1.81,1.84,2,AMEX
2025-12-08 12:22:15,NOM,19,1.82,1.84,20,CBOE,BATS,19,1.82,1.84,19,PCX,PCX,15,1.82,1.84,19,BATS,BOX,6,1.82,1.84,14,NOM,ISE,4,1.82,1.84,9,BOX,AMEX,1,1.82,1.84,5.0,ISE,PHLX,4.0,1.81,1.84,2,AMEX,CBOE,8,1.8,1.86,9,PHLX
2025-12-08 12:22:36,NOM,1,1.84,1.85,15,PCX,PCX,24,1.83,1.85,12,BATS,BATS,21,1.83,1.86,40,BOX,BOX,7,1.83,1.86,12,CBOE,ISE,5,1.83,1.86,6,PHLX,CBOE,B,1.82,1.86,4.0,NOM,AMEX,4.0,1.82,1.87,6,AMEX,PHLX,1,1.51,1.87,3,ISE
2025-12-08 12:22:58,BOX,9,1.83,1.84,9.0,PCX,BATS,3,1.83,1.84,8.0,BATS,PCX,17,1.82,1.84,6.0,NOM,CBOE,12,1.82,1.85,51.0,BOX,NOM,11,1.82,1.85,11.0,CBOE,AMEX,4,1.82,1.85,6.0,AMEX,PHLX,4.0,1.82,1.85,6.0,PHLX,ISE,2,1.82,1.86,3.0,ISE
2025-12-08 12:23:16,BATS,21,1.81,1.83,34,NOM,PCX,20,1.81,1.83,20,PCX,BOX,17,1.81,1.83,19,BATS,NOM,15,1.81,1.83,4,ISE,CBOE,11,1.81,1.84,51,BOX,AMEX,5,1.81,1.84,15.0,PHLX,PHLX,4.0,1.81,1.84,6,AMEX,ISE,3,1.81,1.85,6,CBOE
2025-12-08 12:23:36,PCX,21,1.83,1.84,4,BATS,BOX,18,1.83,1.85,19,NOM,NOM,11,1.83,1.85,17,PCX,BATS,B,1.83,1.86,47,BOX,PHLX,7,1.83,1.87,9,PHLX,AMEX,6,1.83,1.87,6.0,AMEX,CBOE,6.0,1.83,1.87,6,CBOE,ISE,3,1.83,1.87,3,ISE
2025-12-08 12:23:56,PCX,20,1.81,1.83,43,BOX,NOM,9,1.81,1.83,36,NOM,BATS,9,1.81,1.83,26,BATS,ISE,1,1.81,1.83,26,AMEX,BOX,58,1.8,1.83,25,CBOE,AMEX,10,1.8,1.83,23.0,PCX,CBOE,8.0,1.8,1.83,10,PHLX,PHLX,6,1.8,1.83,6,ISE
2025-12-08 12:24:17,PCX,26,1.82,1.83,2,PCX,BATS,18,1.82,1.84,47,BOX,NOM,15,1.82,1.84,19,BATS,BOX,5,1.82,1.84,14,NOM,ISE,2,1.82,1.84,6,PHLX,AMEX,1,1.82,1.86,13.0,CBOE,CBOE,18.0,1.81,1.86,6,AMEX,PHLX,4,1.81,1.86,3,ISE
2025-12-08 12:24:36,NOM,5,1.82,1.83,11,BATS,BATS,5,1.82,1.83,10,PCX,PCX,1,1.82,1.83,4,NOM,BOX,10,1.81,1.84,51,BOX,PHLX,6,1.81,1.84,7,PHLX,CBOE,13,1.8,1.85,11.0,CBOE,AMEX,5.0,1.8,1.85,5,AMEX,ISE,2,1.8,1.85,3,ISE
2025-12-08 12:24:59,BOX,31,1.81,1.83,23,PCX,PCX,24,1.81,1.83,20,NOM,BATS,24,1.81,1.83,19,BATS,AMEX,20,1.81,1.83,10,ISE,NOM,14,1.81,1.83,7,BOX,CBOE,10,1.81,1.84,11.0,PHLX,ISE,5.0,1.81,1.84,5,AMEX,PHLX,5,1.8,1.84,4,CBOE
2025-12-08 12:25:18,BOX,34,1.83,1.85,19,NOM,PCX,20,1.83,1.85,18,PCX,NOM,14,1.83,1.85,14,BATS,BATS,14,1.83,1.85,7,BOX,ISE,8,1.83,1.85,2,AMEX,AMEX,6,1.82,1.86,7.0,PHLX,CBOE,27.0,1.67,1.99,27,CBOE,PHLX,1,1.52,2.02,1,ISE
2025-12-08 12:25:37,BATS,22,1.83,1.84,9,PCX,PCX,21,1.83,1.84,9,NOM,ISE,1,1.83,1.84,9,BATS,NOM,1,1.83,1.85,51,BOX,BOX,40,1.82,1.85,6,AMEX,CBOE,9,1.82,1.85,6.0,PHLX,PHLX,7.0,1.82,1.86,12,CBOE,AMEX,5,1.82,1.86,3,ISE
2025-12-08 12:25:58,PCX,20,1.81,1.83,10,PCX,NOM,15,1.81,1.83,9,BATS,AMEX,14,1.81,1.83,5,ISE,ISE,10,1.81,1.83,4,NOM,BATS,10,1.81,1.84,51,BOX,BOX,7,1.81,1.84,7.0,PHLX,PHLX,6.0,1.8,1.84,6,AMEX,CBOE,5,1.8,1.84,5,CBOE
2025-12-08 12:26:16,ISE,1,1.81,1.82,17,PCX,PCX,20,1.80,1.82,13,CBOE,PHLX,15,1.80,1.82,9,BATS,BATS,10,1.8,1.82,7,BOX,BOX,6,1.8,1.82,4,NOM,NOM,5,1.8,1.82,2.0,AMEX,AMEX,6.0,1.79,1.83,6,PHLX,CBOE,5,1.79,1.84,1,ISE
2025-12-08 12:26:35,BOX,53,1.80,1.82,15,NOM,PCX,29,1.80,1.82,14,BATS,BATS,28,1.80,1.82,13,PCX,AMEX,24,1.8,1.82,10,ISE,NOM,20,1.8,1.82,4,AMEX,CBOE,15,1.8,1.83,47.0,BOX,ISE,9.0,1.8,1.83,12,CBOE,PHLX,6,1.79,1.83,6,PHLX
2025-12-08 12:26:55,PCX,1,1.80,1.81,18,PCX,BOX,36,1.79,1.81,6,ISE,BATS,25,1.79,1.81,4,NOM,NOM,20,1.79,1.81,4,BATS,CBOE,15,1.79,1.82,47,BOX,AMEX,5,1.79,1.83,4.0,AMEX,ISE,5.0,1.79,1.83,4,CBOE,PHLX,1,1.5,2.11,1,PHLX
2025-12-08 12:27:13,NOM,32,1.83,1.85,15,PCX,BATS,28,1.83,1.85,13,NOM,PCX,25,1.83,1.85,13,BATS,AMEX,14,1.83,1.86,51,BOX,BOX,13,1.83,1.86,6,PHLX,ISE,6,1.83,1.87,4.0,AMEX,CBOE,5.0,1.83,1.87,4,CBOE,PHLX,3,1.83,1.87,1,ISE
2025-12-08 12:27:32,NOM,33,1.85,1.87,19,NOM,PCX,23,1.85,1.87,15,PCX,BATS,20,1.85,1.87,15,BOX,BOX,10,1.85,1.87,14,BATS,CBOE,19,1.84,1.87,10,CBOE,PHLX,8,1.84,1.87,5.0,ISE,AMEX,6.0,1.84,1.89,5,PHLX,ISE,2,1.84,1.89,4,AMEX
2025-12-08 12:27:50,PCX,9,1.83,1.85,47,BOX,BOX,5,1.83,1.85,29,AMEX,BATS,4,1.83,1.85,19,BATS,CBOE,17,1.82,1.85,16,PCX,NOM,14,1.82,1.85,15,NOM,PHLX,6,1.82,1.85,10.0,CBOE,AMEX,12.0,1.81,1.85,5,ISE,ISE,4,1.81,1.86,5,PHLX
2025-12-08 12:28:11,PCX,13,1.83,1.85,33,BOX,BATS,7,1.83,1.85,31,AMEX,NOM,5,1.83,1.85,24,PCX,BOX,47,1.82,1.85,24,BATS,CBOE,15,1.82,1.85,20,CBOE,AMEX,6,1.82,1.85,20.0,NOM,PHLX,2.0,1.82,1.85,9,ISE,ISE,3,1.81,1.86,6,PHLX
2025-12-08 12:28:29,NOM,11,1.84,1.85,10,PCX,BATS,5,1.84,1.85,4,BOX,PCX,4,1.84,1.85,4,BATS,BOX,14,1.83,1.85,1,CBOE,AMEX,5,1.83,1.85,1,ISE,PHLX,5,1.83,1.86,19.0,NOM,CBOE,4.0,1.83,1.86,6,PHLX,ISE,2,1.83,1.86,2,AMEX
2025-12-08 12:28:49,PCX,7,1.84,1.85,6.0,PCX,BATS,4,1.84,1.85,4.0,BATS,BOX,59,1.83,1.85,1.0,ISE,NOM,20,1.83,1.85,1.0,NOM,PHLX,11,1.83,1.86,51.0,BOX,AMEX,6,1.83,1.86,6.0,CBOE,CBOE,4.0,1.83,1.86,6.0,PHLX,ISE,2,1.83,1.88,5.0,AMEX
2025-12-08 12:29:09,BOX,24,1.82,1.84,20,PCX,PCX,23,1.82,1.84,15,NOM,AMEX,20,1.82,1.84,14,BATS,BATS,19,1.82,1.84,7,BOX,NOM,15,1.82,1.84,5,ISE,CBOE,13,1.82,1.85,5.0,CBOE,ISE,5.0,1.82,1.86,18,PHLX,PHLX,5,1.81,1.86,5,AMEX
2025-12-08 12:29:27,PCX,23,1.82,1.84,4,PCX,BATS,19,1.82,1.84,4,BATS,CBOE,14,1.82,1.85,51,BOX,NOM,11,1.82,1.85,20,NOM,ISE,9,1.82,1.85,6,AMEX,PHLX,8,1.82,1.85,6.0,CBOE,BOX,8.0,1.82,1.85,6,PHLX,AMEX,7,1.82,1.86,2,ISE
2025-12-08 12:29:47,BATS,19,1.82,1.84,14,BATS,PCX,17,1.82,1.84,11,PCX,BOX,9,1.82,1.84,4,NOM,NOM,4,1.82,1.84,3,CBOE,AMEX,2,1.82,1.85,51,BOX,CBOE,18,1.81,1.85,6.0,PHLX,PHLX,5.0,1.81,1.86,5,AMEX,ISE,2,1.81,1.86,2,ISE
2025-12-08 12:30:06,BOX,5,1.83,1.84,8.0,PCX,PCX,4,1.83,1.84,3.0,BATS,BATS,4,1.83,1.85,42.0,BOX,AMEX,1,1.83,1.85,11.0,AMEX,NOM,1,1.83,1.85,10.0,CBOE,CBOE,6,1.82,1.85,7.0,NOM,PHLX,5.0,1.81,1.85,6.0,ISE,ISE,3,1.81,1.86,5.0,PHLX
2025-12-08 12:30:23,PCX,21,1.84,1.86,26,BOX,ISE,6,1.84,1.86,26,BATS,BOX,6,1.84,1.86,21,PCX,NOM,5,1.84,1.86,19,CBOE,BATS,4,1.84,1.86,18,AMEX,CBOE,11,1.83,1.86,15.0,NOM,AMEX,6.0,1.83,1.86,8,PHLX,PHLX,6,1.83,1.86,7,ISE
2025-12-08 12:30:41,PCX,7,1.85,1.86,14,PCX,BATS,6,1.85,1.86,14,BATS,BOX,5,1.85,1.87,50,BOX,AMEX,2,1.85,1.87,17,NOM,NOM,11,1.84,1.88,11,CBOE,PHLX,6,1.84,1.88,5.0,AMEX,CBOE,18.0,1.83,1.88,5,PHLX,ISE,3,1.83,1.88,3,ISE
2025-12-08 12:30:59,PCX,12,1.86,1.88,45,BOX,BATS,9,1.86,1.88,20,CBOE,BOX,5,1.86,1.88,19,PCX,ISE,1,1.86,1.88,19,BATS,NOM,16,1.85,1.88,15,NOM,CBOE,13,1.85,1.88,9.0,AMEX,AMEX,5.0,1.84,1.88,6,ISE,PHLX,5,1.84,1.89,5,PHLX
2025-12-08 12:31:18,PCX,15,1.86,1.88,49,BOX,NOM,10,1.86,1.88,25,BATS,BATS,9,1.86,1.88,23,PCX,BOX,8,1.86,1.88,21,NOM,AMEX,1,1.86,1.88,20,AMEX,PHLX,6,1.85,1.88,13.0,CBOE,CBOE,12.0,1.84,1.88,B,ISE,ISE,3,1.84,1.89,4,PHLX
2025-12-08 12:31:37,PCX,4,1.88,1.89,40,BOX,BATS,4,1.88,1.89,22,CBOE,NOM,10,1.87,1.89,17,NOM,AMEX,6,1.87,1.89,14,PCX,PHLX,6,1.87,1.89,12,BATS,BOX,3,1.87,1.89,5.0,ISE,ISE,2.0,1.86,1.9,10,AMEX,CBOE,6,1.85,1.9,5,PHLX
2025-12-08 12:31:55,PCX,4,1.87,1.88,25,PCX,BATS,4,1.87,1.88,25,BATS,NOM,20,1.86,1.88,16,NOM,AMEX,6,1.86,1.88,4,ISE,CBOE,6,1.86,1.88,1,AMEX,PHLX,6,1.86,1.89,38.0,BOX,BOX,3.0,1.86,1.89,8,CBOE,ISE,3,1.84,1.89,4,PHLX
2025-12-08 12:32:12,BOX,43,1.86,1.88,22,PCX,CBOE,30,1.86,1.88,14,NOM,BATS,25,1.86,1.88,14,BATS,PCX,24,1.86,1.89,50,BOX,NOM,19,1.86,1.89,6,PHLX,AMEX,12,1.86,1.89,5.0,CBOE,ISE,8.0,1.86,1.89,1,ISE,PHLX,B,1.86,1.9,4,AMEX
2025-12-08 12:32:30,PCX,5,1.88,1.89,12,PCX,BATS,21,1.87,1.89,7,BATS,NOM,16,1.87,1.89,6,NOM,BOX,a,1.87,1.9,50,BOX,AMEX,7,1.86,1.9,6,PHLX,PHLX,7,1.86,1.91,4.0,AMEX,CBOE,5.0,1.86,1.91,4,CBOE,ISE,2,1.86,1.91,1,ISE
2025-12-08 12:32:47,NOM,19,1.88,1.88,24,BATS,BATS,19,1.86,1.88,19,PCX,PCX,13,1.86,1.88,18,NOM,PHLX,6,1.86,1.88,6,BOX,BOX,45,1.85,1.88,1,CBOE,ISE,3,1.85,1.89,6.0,PHLX,CBOE,26.0,1.84,1.89,5,AMEX,AMEX,5,1.84,1.89,2,ISE
2025-12-08 12:33:05,BATS,14,1.86,1.88,53,BOX,PCX,11,1.86,1.88,36,NOM,NOM,10,1.86,1.88,30,CBOE,BOX,9,1.86,1.88,29,AMEX,AMEX,1,1.86,1.88,23,PCX,PHLX,6,1.85,1.88,19.0,BATS,CBOE,11.0,1.84,1.88,13,ISE,ISE,3,1.84,1.88,11,PHLX
2025-12-08 12:33:21,BOX,39,1.87,1.89,20,PCX,CBOE,25,1.87,1.89,19,NOM,AMEX,24,1.87,1.89,19,BATS,PCX,20,1.87,1.9,50,BOX,NOM,20,1.87,1.91,7,PHLX,BATS,19,1.87,1.91,4.0,AMEX,PHLX,10.0,1.87,1.91,4,CBOE,ISE,7,1.87,2.09,1,ISE
2025-12-08 12:33:39,BATS,18,1.87,1.88,7,PCX,NOM,16,1.87,1.88,1,NOM,PCX,B,1.87,1.88,1,BATS,BOX,10,1.86,1.89,20,BOX,AMEX,6,1.86,1.89,11,AMEX,CBOE,5,1.86,1.89,3.0,PHLX,PHLX,15.0,1.85,1.89,1,ISE,ISE,2,1.85,1.9,4,CBOE
2025-12-08 12:33:57,BATS,19,1.88,1.9,41,BOX,PCX,17,1.88,1.90,24,PCX,NOM,11,1.88,1.90,23,BATS,ISE,6,1.88,1.9,21,NOM,BOX,5,1.88,1.9,12,CBOE,AMEX,2,1.88,1.9,10.0,ISE,PHLX,7.0,1.87,1.9,2,AMEX,CBOE,13,1.86,1.91,5,PHLX
2025-12-08 12:34:14,BOX,5,1.89,1.9,1,PCX,PCX,4,1.89,1.91,39,BOX,BATS,4,1.89,1.91,31,NOM,AMEX,14,1.88,1.91,26,BATS,PHLX,6,1.88,1.91,15,CBOE,CBOE,5,1.88,1.91,5.0,ISE,NOM,4.0,1.88,1.92,5,PHLX,ISE,2,1.87,1.92,4,AMEX
2025-12-08 12:34:32,BATS,19,1.89,1.9,1,PCX,PCX,18,1.89,1.91,50,BOX,NOM,14,1.89,1.91,37,NOM,BOX,5,1.89,1.91,33,CBOE,CBOE,11,1.88,1.91,26,BATS,AMEX,6,1.88,1.91,6.0,AMEX,PHLX,6.0,1.88,1.91,5,ISE,ISE,3,1.87,1.92,5,PHLX
2025-12-08 12:34:50,PCX,9,1.89,1.9,10,NOM,BOX,5,1.89,1.90,10,BATS,BATS,6,1.89,1.90,6,PCX,NOM,19,1.88,1.91,28,BOX,PHLX,6,1.88,1.91,11,AMEX,CBOE,10,1.87,1.91,10.0,CBOE,AMEX,7.0,1.87,1.91,1,ISE,ISE,2,1.87,1.92,6,PHLX
2025-12-08 12:35:08,PCX,2,1.90,1.91,14,CBOE,NOM,20,1.89,1.91,11,PCX,BATS,17,1.89,1.91,9,BOX,CBOE,15,1.89,1.91,8,AMEX,BOX,10,1.89,1.91,8,BATS,ISE,7,1.89,1.91,7.0,NOM,PHLX,7.0,1.89,1.91,6,ISE,AMEX,2,1.89,1.92,4,PHLX
2025-12-08 12:35:25,PCX,20,1.91,1.93,27,CBOE,NOM,14,1.91,1.93,21,BATS,BATS,14,1.91,1.93,20,NOM,CBOE,11,1.9,1.93,19,PCX,BOX,10,1.9,1.93,15,BOX,PHLX,7,1.9,1.93,7.0,ISE,AMEX,6.0,1.9,1.93,5,AMEX,ISE,3,1.88,1.93,4,PHLX
2025-12-08 12:35:43,PCX,20,1.92,1.94,46,BOX,NOM,19,1.92,1.94,23,BATS,BATS,19,1.92,1.94,14,PCX,ISE,11,1.92,1.94,11,NOM,PHLX,5,1.92,1.94,5,AMEX,AMEX,1,1.92,1.94,5.0,PHLX,BOX,46.0,1.91,1.94,4,CBOE,CBOE,5,1.91,1.94,2,ISE
2025-12-08 12:36:01,PCX,20,1.93,1.95,50,BOX,CBOE,15,1.93,1.95,20,BATS,ISE,13,1.93,1.95,15,PCX,NOM,9,1.93,1.95,11,NOM,BATS,9,1.93,1.95,5,AMEX,PHLX,5,1.93,1.95,5.0,PHLX,BOX,4.0,1.93,1.95,4,CBOE,AMEX,2,1.93,1.95,2,ISE
2025-12-08 12:36:21,PCX,20,1.90,1.92,19,BATS,NOM,19,1.90,1.92,15,PCX,BATS,19,1.90,1.92,11,NOM,BOX,9,1.9,1.92,8,ISE,CBOE,7,1.9,1.92,7,BOX,AMEX,2,1.9,1.92,6.0,AMEX,ISE,3.0,1.88,1.92,6,PHLX,PHLX,7,1.87,1.92,4,CBOE
2025-12-08 12:36:40,PCX,17,1.91,1.93,36,BOX,NOM,14,1.91,1.93,24,PCX,BATS,14,1.91,1.93,24,BATS,BOX,10,1.91,1.93,20,NOM,AMEX,1,1.91,1.93,19,AMEX,ISE,1,1.91,1.93,15.0,CBOE,PHLX,6.0,1.9,1.93,7,ISE,CBOE,11,1.89,1.94,6,PHLX
2025-12-08 12:36:58,PCX,17,1.92,1.94,46,BOX,BATS,9,1.92,1.94,34,NOM,ISE,6,1.92,1.94,15,PCX,CBOE,1,1.92,1.94,12,BATS,BOX,46,1.91,1.94,10,ISE,AMEX,21,1.91,1.95,5.0,AMEX,NOM,19.0,1.91,1.96,17,CBOE,PHLX,6,1.91,1.96,8,PHLX
2025-12-08 12:37:15,PCX,13,1.93,1.95,30,AMEX,BATS,3,1.93,1.95,30,BOX,BOX,24,1.92,1.95,22,BATS,NOM,15,1.92,1.95,20,PCX,CBOE,11,1.91,1.95,20,NOM,AMEX,5,1.91,1.95,17.0,CBOE,PHLX,5.0,1.91,1.95,7,ISE,ISE,3,1.91,1.96,6,PHLX
2025-12-08 12:37:35,BOX,45,1.92,1.94,12,PCX,PCX,24,1.92,1.94,7,BATS,BATS,24,1.92,1.95,52,BOX,AMEX,22,1.92,1.95,39,NOM,NOM,20,1.92,1.95,5,AMEX,PHLX,15,1.92,1.96,16.0,CBOE,CBOE,10.0,1.92,1.96,B,PHLX,ISE,5,1.92,1.96,3,ISE
2025-12-08 12:37:55,PCX,11,1.93,1.94,18,BATS,BOX,37,1.92,1.94,1,NOM,BATS,24,1.92,1.95,47,BOX,PHLX,22,1.92,1.95,35,CBOE,NOM,20,1.92,1.95,25,AMEX,CBOE,19,1.92,1.95,20.0,PCX,AMEX,12.0,1.92,1.95,3,PHLX,ISE,8,1.92,1.96,2,ISE
2025-12-08 12:38:14,PCX,24,1.91,1.93,15,PCX,BATS,19,1.91,1.93,11,BATS,NOM,16,1.91,1.93,7,NOM,CBOE,15,1.91,1.94,30,BOX,AMEX,14,1.91,1.94,6,PHLX,PHLX,9,1.91,1.95,26.0,CBOE,ISE,7.0,1.91,1.95,5,AMEX,BOX,6,1.91,1.95,4,ISE
2025-12-08 12:38:34,PCX,16,1.93,1.94,1,PCX,BATS,7,1.93,1.95,39,NOM,NOM,36,1.92,1.95,29,BOX,BOX,34,1.92,1.95,19,BATS,PHLX,15,1.92,1.95,5,AMEX,CBOE,10,1.92,1.95,5.0,ISE,AMEX,5.0,1.92,1.96,2,PHLX,ISE,2,1.92,1.97,4,CBOE
2025-12-08 12:38:54,BATS,19,1.93,1.94,1,PCX,NOM,16,1.93,1.95,34,NOM,PCX,14,1.93,1.95,19,BATS,ISE,4,1.93,1.95,10,CBOE,AMEX,2,1.93,1.95,6,BOX,BOX,56,1.92,1.95,5.0,ISE,PHLX,11.0,1.92,1.97,8,PHLX,CBOE,5,1.91,1.97,5,AMEX
2025-12-08 12:39:14,NOM,24,1.92,1.93,19,BATS,PCX,23,1.92,1.93,3,BOX,BATS,7,1.92,1.94,15,CBOE,ISE,4,1.92,1.94,8,PCX,PHLX,6,1.91,1.94,3,AMEX,BOX,4,1.91,1.94,1.0,ISE,AMEX,5.0,1.9,1.95,10,NOM,CBOE,4,1.9,1.95,5,PHLX
2025-12-08 12:39:33,PCX,6,1.92,1.93,3,BOX,BATS,4,1.92,1.93,1,NOM,NOM,40,1.91,1.94,21,PCX,PHLX,7,1.91,1.94,17,BATS,AMEX,6,1.91,1.94,10,CBOE,CBOE,6,1.91,1.94,7.0,ISE,BOX,62.0,1.9,1.94,3,PHLX,ISE,2,1.9,1.94,1,AMEX
2025-12-08 12:39:51,NOM,24,1.93,1.95,12,PCX,PCX,20,1.93,1.95,11,BATS,BATS,16,1.93,1.95,2,NOM,ISE,6,1.93,1.96,50,BOX,BOX,6,1.93,1.97,25,CBOE,AMEX,2,1.93,1.97,16.0,PHLX,PHLX,15.0,1.92,1.97,12,AMEX,CBOE,9,1.92,1.97,4,ISE
2025-12-08 12:40:09,NOM,30,1.93,1.95,16,PCX,PCX,19,1.93,1.95,16,NOM,BATS,19,1.93,1.95,15,BATS,BOX,10,1.93,1.95,7,BOX,ISE,5,1.93,1.95,1,ISE,AMEX,2,1.93,1.97,25.0,CBOE,CBOE,9.0,1.92,1.97,18,PHLX,PHLX,6,1.92,1.97,12,AMEX
2025-12-08 12:40:27,PCX,7,1.92,1.94,36,NOM,BOX,5,1.92,1.94,19,BATS,BATS,4,1.92,1.94,17,PCX,NOM,17,1.91,1.94,16,CBOE,PHLX,16,1.91,1.94,10,BOX,AMEX,12,1.91,1.94,5.0,ISE,CBOE,4.0,1.91,1.94,2,AMEX,ISE,2,1.91,1.96,7,PHLX
2025-12-08 12:40:46,PCX,19,1.94,1.96,5,ISE,BATS,19,1.94,1.97,38,NOM,NOM,15,1.94,1.97,20,PCX,BOX,10,1.94,1.97,20,BOX,ISE,5,1.94,1.97,19,BATS,AMEX,2,1.94,1.97,15.0,CBOE,PHLX,11.0,1.93,1.97,7,PHLX,CBOE,4,1.93,1.97,6,AMEX
2025-12-08 12:41:04,PCX,15,1.94,1.96,45,BOX,NOM,9,1.94,1.96,24,PCX,BATS,4,1.94,1.96,16,NOM,CBOE,11,1.93,1.96,14,BATS,AMEX,6,1.93,1.96,7,ISE,PHLX,6,1.93,1.96,5.0,CBOE,BOX,4.0,1.93,1.96,2,AMEX,ISE,3,1.92,1.97,5,PHLX
2025-12-08 12:41:22,PCX,9,1.95,1.97,38,BOX,BATS,4,1.95,1.97,26,AMEX,CBOE,11,1.94,1.97,26,PCX,NOM,10,1.94,1.97,24,BATS,AMEX,6,1.94,1.97,20,NOM,PHLX,6,1.94,1.97,10.0,CBOE,BOX,54.0,1.93,1.97,5,ISE,ISE,3,1.93,1.98,6,PHLX
2025-12-08 12:41:41,PCX,14,1.96,1.97,1.0,PCX,BATS,9,1.96,1.98,18.0,NOM,NOM,6,1.96,1.98,9.0,CBOE,AMEX,1,1.96,1.98,9.0,BOX,BOX,19,1.95,1.98,5.0,ISE,PHLX,11,1.95,1.98,4.0,BATS,CBOE,9.0,1.95,1.99,7.0,AMEX,ISE,2,1.95,2.0,7.0,PHLX
2025-12-08 12:41:58,BATS,4,1.97,1.98,11,PCX,PCX,15,1.96,1.98,9,NOM,NOM,10,1.96,1.98,6,BATS,PHLX,6,1.96,1.99,44,BOX,BOX,4,1.96,1.99,5,CBOE,ISE,2,1.96,2.0,7.0,AMEX,AMEX,12.0,1.95,2.01,B,PHLX,CBOE,9,1.95,2.01,4,ISE
2025-12-08 12:42:15,BATS,14,1.97,1.98,1,PCX,PCX,13,1.97,1.99,31,NOM,NOM,5,1.97,1.99,19,BATS,BOX,14,1.96,1.99,15,BOX,PHLX,12,1.96,1.99,10,CBOE,AMEX,9,1.96,1.99,5.0,ISE,CBOE,9.0,1.96,2.01,12,AMEX,ISE,2,1.96,2.01,B,PHLX
2025-12-08 12:42:32,PCX,15,1.95,1.97,20,PCX,BATS,11,1.95,1.97,19,NOM,BOX,6,1.95,1.97,19,BATS,ISE,1,1.95,1.97,9,BOX,NOM,1,1.95,1.98,7,PHLX,PHLX,16,1.94,1.99,19.0,CBOE,CBOE,10.0,1.94,1.99,1,ISE,AMEX,7,1.94,2.0,4,AMEX
2025-12-08 12:42:50,PCX,14,1.95,1.97,23,PCX,BATS,9,1.95,1.97,23,BATS,NOM,5,1.95,1.97,20,NOM,BOX,44,1.94,1.97,7,BOX,PHLX,6,1.94,1.97,2,AMEX,CBOE,23,1.93,1.98,10.0,CBOE,AMEX,16.0,1.93,1.98,5,PHLX,ISE,4,1.93,1.98,1,ISE
2025-12-08 12:43:07,PCX,10,1.96,1.98,15,PCX,BOX,5,1.96,1.98,9,NOM,NOM,4,1.96,1.98,9,BOX,BATS,4,1.96,1.98,9,BATS,CBOE,19,1.95,1.98,1,ISE,PHLX,16,1.95,1.99,10.0,PHLX,AMEX,7.0,1.95,2.0,10,AMEX,ISE,2,1.95,2.0,10,CBOE
2025-12-08 12:43:24,BATS,7,1.96,1.97,14,PCX,PCX,1,1.96,1.97,4,BATS,ISE,1,1.96,1.98,14,NOM,NOM,1,1.96,1.98,11,BOX,BOX,17,1.95,1.98,6,PHLX,CBOE,10,1.95,2.0,10.0,AMEX,AMEX,7.0,1.95,2.0,10,CBOE,PHLX,7,1.95,2.0,1,ISE
2025-12-08 12:43:43,PCX,3,1.94,1.96,30,BOX,BATS,25,1.93,1.96,29,NOM,NOM,21,1.93,1.96,22,BATS,BOX,17,1.93,1.96,16,PCX,AMEX,7,1.93,1.96,14,CBOE,PHLX,7,1.93,1.96,10.0,AMEX,CBOE,5.0,1.93,1.96,7,PHLX,ISE,2,1.93,1.96,1,ISE
2025-12-08 12:43:59,PCX,4,1.93,1.95,50,BOX,BATS,4,1.93,1.95,36,NOM,BOX,23,1.92,1.95,26,BATS,NOM,20,1.92,1.95,25,PCX,CBOE,11,1.92,1.95,19,CBOE,AMEX,6,1.92,1.95,17.0,AMEX,PHLX,6.0,1.92,1.95,8,ISE,ISE,2,1.91,1.96,6,PHLX
2025-12-08 12:44:15,BATS,11,1.92,1.93,9.0,PCX,PCX,9,1.92,1.94,36.0,BOX,BOX,3,1.92,1.94,22.0,BATS,NOM,1,1.92,1.94,16.0,NOM,AMEX,7,1.91,1.94,5.0,CBOE,PHLX,7,1.91,1.94,2.0,AMEX,CBOE,5.0,1.91,1.96,6.0,PHLX,ISE,2,1.91,1.96,1.0,ISE
2025-12-08 12:44:32,NOM,37,1.93,1.95,19,BATS,BATS,20,1.93,1.95,17,PCX,PCX,13,1.93,1.95,6,NOM,AMEX,5,1.93,1.96,50,BOX,PHLX,5,1.93,1.96,10,CBOE,CBOE,4,1.93,1.96,5.0,AMEX,ISE,2.0,1.93,1.96,5,ISE,BOX,59,1.92,1.98,B,PHLX
2025-12-08 12:44:50,BATS,4,1.97,1.98,9.0,PCX,PCX,2,1.97,1.98,5.0,NOM,BOX,46,1.96,1.98,4.0,BATS,NOM,22,1.96,1.99,43.0,BOX,CBOE,9,1.96,1.99,6.0,PHLX,AMEX,5,1.96,2.0,6.0,AMEX,PHLX,5.0,1.96,2.0,6.0,CBOE,ISE,2,1.96,2.01,3.0,ISE
2025-12-08 12:45:11,BATS,19,1.98,2.0,37,NOM,PCX,17,1.98,2.00,21,PCX,BOX,9,1.98,2.00,14,BATS,AMEX,2,1.98,2.0,10,CBOE,NOM,33,1.97,2.0,6,BOX,CBOE,9,1.97,2.0,1.0,AMEX,PHLX,6.0,1.97,2.01,2,PHLX,ISE,2,1.97,2.02,2,ISE
2025-12-08 12:45:30,BOX,5,1.94,1.96,35,NOM,BATS,4,1.94,1.96,26,PCX,PCX,2,1.94,1.96,24,BATS,NOM,1,1.94,1.96,14,ISE,CBOE,5,1.93,1.96,8,CBOE,AMEX,11,1.92,1.96,8.0,BOX,PHLX,11.0,1.92,1.97,11,AMEX,ISE,3,1.92,1.97,6,PHLX
2025-12-08 12:45:47,PCX,24,1.94,1.96,19,NOM,NOM,20,1.94,1.96,14,PCX,BATS,14,1.94,1.96,13,BATS,BOX,9,1.94,1.96,10,BOX,AMEX,2,1.94,1.96,1,ISE,PHLX,2,1.94,1.97,6.0,AMEX,CBOE,9.0,1.93,1.97,6,PHLX,ISE,2,1.93,1.98,11,CBOE
2025-12-08 12:46:05,PCX,5,1.94,1.95,9.0,PCX,AMEX,1,1.94,1.95,4.0,BATS,NOM,35,1.93,1.95,1.0,NOM,BATS,24,1.93,1.96,9.0,CBOE,BOX,3,1.93,1.96,8.0,BOX,ISE,2,1.93,1.96,6.0,PHLX,PHLX,6.0,1.92,1.96,5.0,ISE,CBOE,4,1.92,1.97,6.0,AMEX
2025-12-08 12:46:22,BATS,22,1.93,1.95,40,BOX,PCX,15,1.93,1.95,15,PCX,NOM,7,1.93,1.95,14,NOM,BOX,5,1.93,1.95,14,BATS,PHLX,12,1.92,1.95,10,CBOE,CBOE,9,1.92,1.95,6.0,AMEX,AMEX,5.0,1.92,1.95,5,ISE,ISE,2,1.92,1.96,7,PHLX
2025-12-08 12:46:42,NOM,17,1.94,1.95,11,PCX,BATS,5,1.94,1.95,4,NOM,PCX,4,1.94,1.95,4,BATS,AMEX,14,1.93,1.95,1,ISE,BOX,14,1.93,1.96,10,BOX,CBOE,9,1.93,1.98,12.0,CBOE,PHLX,5.0,1.93,1.98,8,PHLX,ISE,2,1.93,1.98,5,AMEX
2025-12-08 12:46:58,PCX,2,1.95,1.96,4,PCX,NOM,36,1.94,1.96,4,BATS,BATS,26,1.94,1.96,1,NOM,BOX,13,1.94,1.97,10,BOX,CBOE,9,1.94,1.97,6,AMEX,AMEX,5,1.94,1.99,13.0,CBOE,PHLX,5.0,1.94,1.99,8,PHLX,ISE,2,1.94,1.99,3,ISE
2025-12-08 12:47:14,PCX,9,1.94,1.95,15,NOM,BATS,9,1.94,1.95,5,BOX,NOM,5,1.94,1.96,29,BATS,BOX,45,1.93,1.96,18,PCX,CBOE,5,1.93,1.97,12,CBOE,PHLX,15,1.92,1.97,8.0,PHLX,AMEX,5.0,1.92,1.97,5,AMEX,ISE,2,1.92,1.97,3,ISE
2025-12-08 12:47:32,BATS,16,1.96,1.97,16,PCX,CBOE,1,1.96,1.97,10,NOM,NOM,21,1.95,1.97,3,BOX,PCX,15,1.95,1.98,9,BATS,AMEX,11,1.95,1.99,6,AMEX,BOX,10,1.95,2.0,7.0,CBOE,PHLX,6.0,1.95,2.0,2,ISE,ISE,1,1.95,2.01,6,PHLX
2025-12-08 12:47:50,NOM,35,1.95,1.97,4,BATS,BATS,24,1.95,1.97,2,PCX,PCX,23,1.95,1.98,50,BOX,PHLX,16,1.95,1.98,34,NOM,CBOE,15,1.95,1.98,7,PHLX,ISE,9,1.95,1.98,5.0,CBOE,AMEX,5.0,1.95,1.98,1,AMEX,BOX,3,1.95,2.0,3,ISE
2025-12-08 12:48:08,BATS,13,1.97,1.98,10,NOM,PCX,6,1.97,1.98,9,BATS,AMEX,1,1.97,1.99,11,PCX,NOM,26,1.96,1.99,7,PHLX,CBOE,9,1.96,1.99,7,BOX,PHLX,6,1.96,2.01,13.0,CBOE,BOX,3.0,1.96,2.01,5,AMEX,ISE,2,1.96,2.01,3,ISE
2025-12-08 12:48:26,NOM,17,1.96,1.98,20,NOM,PCX,10,1.96,1.98,16,PCX,BATS,9,1.96,1.98,10,CBOE,BOX,39,1.95,1.98,9,BATS,CBOE,9,1.95,1.98,6,BOX,PHLX,6,1.95,1.98,4.0,AMEX,AMEX,5.0,1.95,1.99,2,PHLX,ISE,2,1.95,2.0,3,ISE
2025-12-08 12:48:43,PCX,1,1.97,1.98,20,PCX,NOM,18,1.96,1.98,19,BATS,BATS,14,1.96,1.98,11,CBOE,AMEX,6,1.96,1.98,10,NOM,BOX,3,1.96,1.98,2,AMEX,CBOE,18,1.95,1.98,1.0,ISE,PHLX,6.0,1.95,1.99,47,BOX,ISE,3,1.95,1.99,10,PHLX
2025-12-08 12:49:02,PCX,13,1.97,1.98,4,BATS,CBOE,10,1.97,1.99,42,BOX,BATS,9,1.97,1.99,16,NOM,ISE,6,1.97,1.99,15,PCX,NOM,6,1.97,1.99,6,PHLX,PHLX,5,1.97,1.99,4.0,CBOE,AMEX,2.0,1.97,1.99,2,ISE,BOX,26,1.96,2.0,5,AMEX
2025-12-08 12:49:19,PCX,18,1.97,1.99,34,NOM,BATS,9,1.97,1.99,20,PCX,BOX,6,1.97,1.99,19,BATS,NOM,4,1.97,1.99,6,ISE,AMEX,2,1.97,2.0,10,PHLX,CBOE,1,1.97,2.0,7.0,BOX,PHLX,7.0,1.96,2.01,12,CBOE,ISE,2,1.96,2.01,5,AMEX
2025-12-08 12:49:38,BATS,4,2.00,2.01,11,PCX,NOM,1,2.00,2.01,5,BATS,PCX,19,1.99,2.01,1,NOM,BOX,9,1.99,2.02,7,PHLX,PHLX,7,1.99,2.03,13,BOX,AMEX,2,1.99,2.03,7.0,CBOE,CBOE,2.0,1.99,2.03,5,AMEX,ISE,3,1.98,2.03,3,ISE
2025-12-08 12:49:53,NOM,29,2.01,2.03,15,NOM,PCX,13,2.01,2.03,14,BATS,BATS,9,2.01,2.03,6,PCX,AMEX,6,2.01,2.03,6,ISE,PHLX,6,2.01,2.03,3,BOX,BOX,5,2.01,2.05,12.0,CBOE,ISE,2.0,2.0,2.05,8,PHLX,CBOE,9,1.99,2.05,5,AMEX
2025-12-08 12:50:11,PCX,19,2.01,2.02,4,BATS,BATS,19,2.01,2.03,49,BOX,BOX,9,2.01,2.03,30,NOM,NOM,6,2.01,2.03,20,PCX,AMEX,2,2.01,2.04,11,CBOE,ISE,1,2.01,2.04,7.0,PHLX,CBOE,9.0,1.99,2.04,5,AMEX,PHLX,6,1.99,2.04,2,ISE
2025-12-08 12:50:30,BATS,4,2.02,2.03,33,NOM,BOX,43,2.01,2.03,4,BATS,NOM,29,2.01,2.04,18,PCX,PCX,19,2.01,2.04,13,BOX,PHLX,6,2.01,2.05,2D,PHLX,AMEX,5,2.01,2.05,11.0,CBOE,CBOE,9.0,2.0,2.05,5,AMEX,ISE,2,2.0,2.05,3,ISE
2025-12-08 12:50:48,PCX,13,2.02,2.04,26,PCX,NOM,4,2.02,2.04,26,BATS,BATS,4,2.02,2.04,16,NOM,BOX,54,2.01,2.04,12,CBOE,AMEX,6,2.01,2.04,6,PHLX,CBOE,6,2.01,2.04,4.0,AMEX,PHLX,6.0,2.01,2.04,3,BOX,ISE,2,2.0,2.04,2,ISE
2025-12-08 12:51:06,PCX,111,2.00,2.02,19,PCX,BATS,19,2.00,2.02,14,BATS,NOM,14,2.00,2.02,11,NOM,ISE,6,2.0,2.02,7,BOX,CBOE,5,2.0,2.02,2,AMEX,PHLX,5,2.0,2.03,11.0,CBOE,BOX,46.0,1.99,2.03,5,PHLX,AMEX,5,1.98,2.03,3,ISE
2025-12-08 12:51:23,PCX,101,2.00,2.02,24,BATS,BOX,5,2.00,2.02,20,PCX,NOM,4,2.00,2.02,20,NOM,BATS,4,2.0,2.02,13,CBOE,AMEX,6,1.99,2.02,9,PHLX,PHLX,6,1.99,2.02,7.0,AMEX,ISE,2.0,1.98,2.02,6,ISE,CBOE,5,1.97,2.03,40,BOX
2025-12-08 12:51:40,PCX,104,2.00,2.01,4,PCX,NOM,16,2.00,2.01,4,BATS,BOX,5,2.00,2.02,47,BOX,BATS,2,2.0,2.02,20,NOM,ISE,2,1.99,2.02,11,CBOE,PHLX,6,1.98,2.02,6.0,AMEX,AMEX,5.0,1.98,2.02,6,PHLX,CBOE,4,1.98,2.03,2,ISE
2025-12-08 12:51:57,BOX,5,1.99,2.01,30,NOM,PCX,4,1.99,2.01,22,PCX,BATS,4,1.99,2.01,19,BATS,NOM,32,1.98,2.01,12,CBOE,CBOE,7,1.96,2.01,12,ISE,AMEX,6,1.98,2.01,10.0,BOX,PHLX,6.0,1.97,2.01,6,PHLX,ISE,2,1.97,2.01,3,AMEX
2025-12-08 12:52:14,NOM,21,2.00,2.02,23,PCX,PCX,18,2.00,2.02,20,NOM,BATS,12,2.00,2.02,14,BATS,BOX,8,2.0,2.03,50,BOX,AMEX,2,2.0,2.03,8,PHLX,ISE,2,2.0,2.03,6.0,AMEX,CBOE,5.0,1.99,2.03,3,ISE,PHLX,6,1.98,2.04,36,CBOE
2025-12-08 12:52:32,NOM,37,2.00,2.02,11,PCX,PCX,25,2.00,2.02,11,BATS,BATS,21,2.00,2.02,10,NOM,ISE,9,2.0,2.03,50,BOX,BOX,8,2.0,2.03,6,PHLX,CBOE,6,2.0,2.04,43.0,CBOE,AMEX,2.0,2.0,2.04,5,AMEX,PHLX,6,1.99,2.04,3,ISE
2025-12-08 12:52:48,BATS,7,2.01,2.02,9,BATS,PCX,6,2.01,2.02,5,PCX,NOM,1,2.01,2.02,5,NOM,BOX,10,2.0,2.03,7,BOX,AMEX,5,2.0,2.04,29,CBOE,CBOE,5,2.0,2.04,7.0,AMEX,PHLX,5.0,2.0,2.04,2,PHLX,ISE,2,2.0,2.05,2,ISE
2025-12-08 12:53:04,PCX,17,2.00,2.02,19,NOM,BATS,14,2.00,2.02,14,PCX,BOX,B,2.00,2.02,7,BOX,NOM,7,2.0,2.02,6,BATS,AMEX,2,2.0,2.02,4,ISE,CBOE,9,1.99,2.03,6.0,CBOE,PHLX,5.0,1.99,2.04,12,AMEX,ISE,2,1.99,2.04,8,PHLX
2025-12-08 12:53:21,NOM,23,2.00,2.02,4,BATS,PCX,18,2.00,2.03,23,NOM,BATS,14,2.00,2.03,14,PCX,CBOE,13,2.0,2.04,31,CBOE,BOX,10,2.0,2.04,20,BOX,PHLX,8,2.0,2.04,7.0,PHLX,AMEX,5.0,2.0,2.04,5,AMEX,ISE,3,2.0,2.04,3,ISE
2025-12-08 12:53:37,PCX,9,2.00,2.01,9,PCX,BOX,5,2.00,2.01,9,BATS,BATS,5,2.00,2.01,5,NOM,NOM,1,2.0,2.02,46,BOX,AMEX,5,1.99,2.02,6,PHLX,PHLX,5,1.99,2.02,5.0,CBOE,CBOE,4.0,1.99,2.03,6,AMEX,ISE,2,1.99,2.04,3,ISE
2025-12-08 12:53:55,NOM,30,2.00,2.02,20,NOM,PCX,26,2.00,2.02,9,PCX,AMEX,18,2.00,2.02,9,BATS,BOX,14,2.0,2.02,5,CBOE,BATS,11,2.0,2.02,1,ISE,ISE,B,2.0,2.03,6.0,PHLX,CBOE,13.0,1.99,2.05,14,BOX,PHLX,6,1.99,2.05,5,AMEX
2025-12-08 12:54:11,ISE,4,2.01,2.02,4,BATS,NOM,1,2.01,2.02,2,PCX,PCX,24,2.00,2.03,34,NOM,BATS,24,2.0,2.03,34,BOX,CBOE,21,2.0,2.03,14,CBOE,BOX,12,2.0,2.03,11.0,ISE,AMEX,8.0,2.0,2.04,8,PHLX,PHLX,6,2.0,2.04,5,AMEX
2025-12-08 12:54:28,NOM,36,2.00,2.02,14,NOM,PCX,21,2.00,2.02,14,BATS,BATS,19,2.00,2.02,11,PCX,BOX,60,1.99,2.02,1,ISE,CBOE,18,1.99,2.03,49,BOX,PHLX,6,1.99,2.03,6.0,PHLX,AMEX,5.0,1.99,2.04,36,CBOE,ISE,2,1.99,2.04,5,AMEX
2025-12-08 12:54:45,BATS,24,1.99,2.01,31,NOM,PCX,21,1.99,2.01,19,PCX,NOM,20,1.99,2.01,19,BATS,BOX,14,1.99,2.02,49,BOX,AMEX,13,1.99,2.02,7,PHLX,ISE,7,1.99,2.03,11.0,CBOE,PHLX,5.0,1.99,2.03,5,AMEX,CBOE,9,1.98,2.03,3,ISE
